scenario,hour,flowgate_id,flowgate_name,max_branch_loading_pct,weighted_flow_mw,limit_mw,margin_mw
1,1,FG_01,FG_01_2-3_2-30,95.85,1087.12,475.00,-612.12
1,2,FG_01,FG_01_2-3_2-30,91.76,1032.33,475.00,-557.33
1,3,FG_01,FG_01_2-3_2-30,88.06,998.72,475.00,-523.72
1,4,FG_01,FG_01_2-3_2-30,88.78,989.29,475.00,-514.29
1,5,FG_01,FG_01_2-3_2-30,90.18,998.53,475.00,-523.53
1,6,FG_01,FG_01_2-3_2-30,92.53,1047.87,475.00,-572.87
1,7,FG_01,FG_01_2-3_2-30,100.06,1141.57,475.00,-666.57
1,8,FG_01,FG_01_2-3_2-30,102.53,1186.85,475.00,-711.85
1,9,FG_01,FG_01_2-3_2-30,102.02,1194.81,475.00,-719.81
1,10,FG_01,FG_01_2-3_2-30,100.20,1201.18,475.00,-726.18
1,11,FG_01,FG_01_2-3_2-30,98.38,1195.05,475.00,-720.05
1,12,FG_01,FG_01_2-3_2-30,106.13,1264.07,475.00,-789.07
1,13,FG_01,FG_01_2-3_2-30,100.15,1223.95,475.00,-748.95
1,14,FG_01,FG_01_2-3_2-30,106.60,1276.82,475.00,-801.82
1,15,FG_01,FG_01_2-3_2-30,106.44,1275.69,475.00,-800.69
1,16,FG_01,FG_01_2-3_2-30,110.28,1294.00,475.00,-819.00
1,17,FG_01,FG_01_2-3_2-30,117.60,1360.40,475.00,-885.40
1,18,FG_01,FG_01_2-3_2-30,127.29,1464.43,475.00,-989.43
1,19,FG_01,FG_01_2-3_2-30,128.43,1466.11,475.00,-991.11
1,20,FG_01,FG_01_2-3_2-30,123.67,1399.63,475.00,-924.63
1,21,FG_01,FG_01_2-3_2-30,117.98,1325.92,475.00,-850.92
1,22,FG_01,FG_01_2-3_2-30,108.34,1227.77,475.00,-752.77
1,23,FG_01,FG_01_2-3_2-30,100.90,1141.49,475.00,-666.49
1,24,FG_01,FG_01_2-3_2-30,97.02,1086.42,475.00,-611.42
2,1,FG_01,FG_01_2-3_2-30,96.51,1093.16,475.00,-618.16
2,2,FG_01,FG_01_2-3_2-30,92.44,1037.55,475.00,-562.55
2,3,FG_01,FG_01_2-3_2-30,88.50,998.40,475.00,-523.40
2,4,FG_01,FG_01_2-3_2-30,88.46,987.01,475.00,-512.01
2,5,FG_01,FG_01_2-3_2-30,90.22,998.18,475.00,-523.18
2,6,FG_01,FG_01_2-3_2-30,92.71,1050.46,475.00,-575.46
2,7,FG_01,FG_01_2-3_2-30,100.49,1145.36,475.00,-670.36
2,8,FG_01,FG_01_2-3_2-30,103.38,1190.13,475.00,-715.13
2,9,FG_01,FG_01_2-3_2-30,102.79,1204.32,475.00,-729.32
2,10,FG_01,FG_01_2-3_2-30,101.95,1214.25,475.00,-739.25
2,11,FG_01,FG_01_2-3_2-30,100.35,1210.77,475.00,-735.77
2,12,FG_01,FG_01_2-3_2-30,104.54,1252.79,475.00,-777.79
2,13,FG_01,FG_01_2-3_2-30,100.84,1225.60,475.00,-750.60
2,14,FG_01,FG_01_2-3_2-30,103.28,1249.88,475.00,-774.88
2,15,FG_01,FG_01_2-3_2-30,105.83,1271.92,475.00,-796.92
2,16,FG_01,FG_01_2-3_2-30,110.58,1297.38,475.00,-822.38
2,17,FG_01,FG_01_2-3_2-30,117.22,1360.12,475.00,-885.12
2,18,FG_01,FG_01_2-3_2-30,127.81,1471.48,475.00,-996.48
2,19,FG_01,FG_01_2-3_2-30,128.48,1469.31,475.00,-994.31
2,20,FG_01,FG_01_2-3_2-30,123.37,1400.04,475.00,-925.04
2,21,FG_01,FG_01_2-3_2-30,117.82,1327.37,475.00,-852.37
2,22,FG_01,FG_01_2-3_2-30,109.00,1230.57,475.00,-755.57
2,23,FG_01,FG_01_2-3_2-30,100.83,1142.91,475.00,-667.91
2,24,FG_01,FG_01_2-3_2-30,96.47,1075.81,475.00,-600.81
3,1,FG_01,FG_01_2-3_2-30,95.74,1091.74,475.00,-616.74
3,2,FG_01,FG_01_2-3_2-30,92.42,1039.23,475.00,-564.23
3,3,FG_01,FG_01_2-3_2-30,88.37,996.34,475.00,-521.34
3,4,FG_01,FG_01_2-3_2-30,88.76,995.09,475.00,-520.09
3,5,FG_01,FG_01_2-3_2-30,89.73,1004.42,475.00,-529.42
3,6,FG_01,FG_01_2-3_2-30,92.10,1047.13,475.00,-572.13
3,7,FG_01,FG_01_2-3_2-30,100.25,1145.73,475.00,-670.73
3,8,FG_01,FG_01_2-3_2-30,103.54,1192.31,475.00,-717.31
3,9,FG_01,FG_01_2-3_2-30,100.52,1188.24,475.00,-713.24
3,10,FG_01,FG_01_2-3_2-30,101.13,1208.11,475.00,-733.11
3,11,FG_01,FG_01_2-3_2-30,98.58,1194.85,475.00,-719.85
3,12,FG_01,FG_01_2-3_2-30,99.60,1211.77,475.00,-736.77
3,13,FG_01,FG_01_2-3_2-30,102.09,1236.48,475.00,-761.48
3,14,FG_01,FG_01_2-3_2-30,106.63,1274.92,475.00,-799.92
3,15,FG_01,FG_01_2-3_2-30,107.30,1283.49,475.00,-808.49
3,16,FG_01,FG_01_2-3_2-30,108.77,1282.75,475.00,-807.75
3,17,FG_01,FG_01_2-3_2-30,115.87,1354.12,475.00,-879.12
3,18,FG_01,FG_01_2-3_2-30,128.04,1472.75,475.00,-997.75
3,19,FG_01,FG_01_2-3_2-30,129.21,1469.91,475.00,-994.91
3,20,FG_01,FG_01_2-3_2-30,123.80,1403.61,475.00,-928.61
3,21,FG_01,FG_01_2-3_2-30,118.02,1331.62,475.00,-856.62
3,22,FG_01,FG_01_2-3_2-30,108.95,1229.98,475.00,-754.98
3,23,FG_01,FG_01_2-3_2-30,101.37,1141.06,475.00,-666.06
3,24,FG_01,FG_01_2-3_2-30,96.38,1076.28,475.00,-601.28
4,1,FG_01,FG_01_2-3_2-30,96.81,1100.91,475.00,-625.91
4,2,FG_01,FG_01_2-3_2-30,91.65,1030.66,475.00,-555.66
4,3,FG_01,FG_01_2-3_2-30,88.06,992.93,475.00,-517.93
4,4,FG_01,FG_01_2-3_2-30,87.98,987.54,475.00,-512.54
4,5,FG_01,FG_01_2-3_2-30,89.27,999.62,475.00,-524.62
4,6,FG_01,FG_01_2-3_2-30,93.00,1058.02,475.00,-583.02
4,7,FG_01,FG_01_2-3_2-30,100.01,1146.16,475.00,-671.16
4,8,FG_01,FG_01_2-3_2-30,104.20,1194.41,475.00,-719.41
4,9,FG_01,FG_01_2-3_2-30,102.10,1198.09,475.00,-723.09
4,10,FG_01,FG_01_2-3_2-30,101.00,1207.15,475.00,-732.15
4,11,FG_01,FG_01_2-3_2-30,99.81,1205.40,475.00,-730.40
4,12,FG_01,FG_01_2-3_2-30,105.07,1255.35,475.00,-780.35
4,13,FG_01,FG_01_2-3_2-30,102.44,1238.97,475.00,-763.97
4,14,FG_01,FG_01_2-3_2-30,107.11,1278.03,475.00,-803.03
4,15,FG_01,FG_01_2-3_2-30,109.52,1300.65,475.00,-825.65
4,16,FG_01,FG_01_2-3_2-30,111.30,1301.63,475.00,-826.63
4,17,FG_01,FG_01_2-3_2-30,118.60,1369.04,475.00,-894.04
4,18,FG_01,FG_01_2-3_2-30,127.93,1473.88,475.00,-998.88
4,19,FG_01,FG_01_2-3_2-30,129.42,1469.84,475.00,-994.84
4,20,FG_01,FG_01_2-3_2-30,124.19,1407.81,475.00,-932.81
4,21,FG_01,FG_01_2-3_2-30,118.17,1327.84,475.00,-852.84
4,22,FG_01,FG_01_2-3_2-30,109.17,1230.27,475.00,-755.27
4,23,FG_01,FG_01_2-3_2-30,100.87,1139.68,475.00,-664.68
4,24,FG_01,FG_01_2-3_2-30,96.48,1082.95,475.00,-607.95
5,1,FG_01,FG_01_2-3_2-30,96.48,1091.60,475.00,-616.60
5,2,FG_01,FG_01_2-3_2-30,91.99,1036.90,475.00,-561.90
5,3,FG_01,FG_01_2-3_2-30,88.21,998.66,475.00,-523.66
5,4,FG_01,FG_01_2-3_2-30,88.08,982.65,475.00,-507.65
5,5,FG_01,FG_01_2-3_2-30,90.09,1010.93,475.00,-535.93
5,6,FG_01,FG_01_2-3_2-30,92.45,1050.71,475.00,-575.71
5,7,FG_01,FG_01_2-3_2-30,100.18,1142.36,475.00,-667.36
5,8,FG_01,FG_01_2-3_2-30,103.81,1195.88,475.00,-720.88
5,9,FG_01,FG_01_2-3_2-30,100.96,1191.85,475.00,-716.85
5,10,FG_01,FG_01_2-3_2-30,100.74,1203.90,475.00,-728.90
5,11,FG_01,FG_01_2-3_2-30,99.67,1204.30,475.00,-729.30
5,12,FG_01,FG_01_2-3_2-30,103.34,1244.02,475.00,-769.02
5,13,FG_01,FG_01_2-3_2-30,100.55,1223.75,475.00,-748.75
5,14,FG_01,FG_01_2-3_2-30,104.63,1260.39,475.00,-785.39
5,15,FG_01,FG_01_2-3_2-30,105.55,1270.18,475.00,-795.18
5,16,FG_01,FG_01_2-3_2-30,110.63,1297.06,475.00,-822.06
5,17,FG_01,FG_01_2-3_2-30,117.93,1365.05,475.00,-890.05
5,18,FG_01,FG_01_2-3_2-30,127.67,1469.87,475.00,-994.87
5,19,FG_01,FG_01_2-3_2-30,128.87,1471.49,475.00,-996.49
5,20,FG_01,FG_01_2-3_2-30,123.68,1400.91,475.00,-925.91
5,21,FG_01,FG_01_2-3_2-30,117.60,1323.93,475.00,-848.93
5,22,FG_01,FG_01_2-3_2-30,109.14,1232.29,475.00,-757.29
5,23,FG_01,FG_01_2-3_2-30,100.53,1138.68,475.00,-663.68
5,24,FG_01,FG_01_2-3_2-30,96.68,1080.29,475.00,-605.29
6,1,FG_01,FG_01_2-3_2-30,95.80,1087.70,475.00,-612.70
6,2,FG_01,FG_01_2-3_2-30,92.08,1038.79,475.00,-563.79
6,3,FG_01,FG_01_2-3_2-30,88.83,999.53,475.00,-524.53
6,4,FG_01,FG_01_2-3_2-30,88.34,991.47,475.00,-516.47
6,5,FG_01,FG_01_2-3_2-30,90.02,1001.48,475.00,-526.48
6,6,FG_01,FG_01_2-3_2-30,92.93,1054.44,475.00,-579.44
6,7,FG_01,FG_01_2-3_2-30,100.32,1143.87,475.00,-668.87
6,8,FG_01,FG_01_2-3_2-30,103.52,1193.57,475.00,-718.57
6,9,FG_01,FG_01_2-3_2-30,102.46,1200.68,475.00,-725.68
6,10,FG_01,FG_01_2-3_2-30,103.03,1221.71,475.00,-746.71
6,11,FG_01,FG_01_2-3_2-30,101.44,1216.89,475.00,-741.89
6,12,FG_01,FG_01_2-3_2-30,105.06,1256.46,475.00,-781.46
6,13,FG_01,FG_01_2-3_2-30,103.70,1247.99,475.00,-772.99
6,14,FG_01,FG_01_2-3_2-30,104.35,1258.41,475.00,-783.41
6,15,FG_01,FG_01_2-3_2-30,105.45,1267.99,475.00,-792.99
6,16,FG_01,FG_01_2-3_2-30,110.44,1295.85,475.00,-820.85
6,17,FG_01,FG_01_2-3_2-30,117.70,1362.93,475.00,-887.93
6,18,FG_01,FG_01_2-3_2-30,127.50,1468.71,475.00,-993.71
6,19,FG_01,FG_01_2-3_2-30,128.95,1475.33,475.00,-1000.33
6,20,FG_01,FG_01_2-3_2-30,123.89,1405.57,475.00,-930.57
6,21,FG_01,FG_01_2-3_2-30,117.91,1327.10,475.00,-852.10
6,22,FG_01,FG_01_2-3_2-30,109.32,1233.77,475.00,-758.77
6,23,FG_01,FG_01_2-3_2-30,100.92,1139.70,475.00,-664.70
6,24,FG_01,FG_01_2-3_2-30,96.30,1078.12,475.00,-603.12
7,1,FG_01,FG_01_2-3_2-30,95.62,1083.86,475.00,-608.86
7,2,FG_01,FG_01_2-3_2-30,92.60,1037.90,475.00,-562.90
7,3,FG_01,FG_01_2-3_2-30,88.22,997.78,475.00,-522.78
7,4,FG_01,FG_01_2-3_2-30,88.03,986.18,475.00,-511.18
7,5,FG_01,FG_01_2-3_2-30,91.03,1016.15,475.00,-541.15
7,6,FG_01,FG_01_2-3_2-30,92.85,1049.94,475.00,-574.94
7,7,FG_01,FG_01_2-3_2-30,100.86,1149.03,475.00,-674.03
7,8,FG_01,FG_01_2-3_2-30,103.53,1191.14,475.00,-716.14
7,9,FG_01,FG_01_2-3_2-30,102.71,1203.09,475.00,-728.09
7,10,FG_01,FG_01_2-3_2-30,101.29,1209.31,475.00,-734.31
7,11,FG_01,FG_01_2-3_2-30,99.04,1198.34,475.00,-723.34
7,12,FG_01,FG_01_2-3_2-30,102.30,1233.07,475.00,-758.07
7,13,FG_01,FG_01_2-3_2-30,101.37,1228.88,475.00,-753.88
7,14,FG_01,FG_01_2-3_2-30,104.38,1258.58,475.00,-783.58
7,15,FG_01,FG_01_2-3_2-30,107.15,1279.26,475.00,-804.26
7,16,FG_01,FG_01_2-3_2-30,110.35,1296.52,475.00,-821.52
7,17,FG_01,FG_01_2-3_2-30,118.00,1366.40,475.00,-891.40
7,18,FG_01,FG_01_2-3_2-30,127.32,1465.85,475.00,-990.85
7,19,FG_01,FG_01_2-3_2-30,129.11,1470.27,475.00,-995.27
7,20,FG_01,FG_01_2-3_2-30,123.94,1399.67,475.00,-924.67
7,21,FG_01,FG_01_2-3_2-30,118.35,1330.03,475.00,-855.03
7,22,FG_01,FG_01_2-3_2-30,108.66,1229.93,475.00,-754.93
7,23,FG_01,FG_01_2-3_2-30,100.72,1140.83,475.00,-665.83
7,24,FG_01,FG_01_2-3_2-30,96.62,1080.65,475.00,-605.65
8,1,FG_01,FG_01_2-3_2-30,96.58,1092.81,475.00,-617.81
8,2,FG_01,FG_01_2-3_2-30,91.90,1032.89,475.00,-557.89
8,3,FG_01,FG_01_2-3_2-30,87.80,997.08,475.00,-522.08
8,4,FG_01,FG_01_2-3_2-30,88.40,986.62,475.00,-511.62
8,5,FG_01,FG_01_2-3_2-30,89.41,1002.57,475.00,-527.57
8,6,FG_01,FG_01_2-3_2-30,93.23,1054.02,475.00,-579.02
8,7,FG_01,FG_01_2-3_2-30,99.89,1143.55,475.00,-668.55
8,8,FG_01,FG_01_2-3_2-30,102.33,1188.51,475.00,-713.51
8,9,FG_01,FG_01_2-3_2-30,103.85,1212.16,475.00,-737.16
8,10,FG_01,FG_01_2-3_2-30,97.39,1178.98,475.00,-703.98
8,11,FG_01,FG_01_2-3_2-30,98.01,1191.82,475.00,-716.82
8,12,FG_01,FG_01_2-3_2-30,104.38,1250.40,475.00,-775.40
8,13,FG_01,FG_01_2-3_2-30,105.72,1264.51,475.00,-789.51
8,14,FG_01,FG_01_2-3_2-30,108.51,1290.37,475.00,-815.37
8,15,FG_01,FG_01_2-3_2-30,106.22,1274.04,475.00,-799.04
8,16,FG_01,FG_01_2-3_2-30,108.26,1282.56,475.00,-807.56
8,17,FG_01,FG_01_2-3_2-30,117.51,1365.35,475.00,-890.35
8,18,FG_01,FG_01_2-3_2-30,125.70,1464.40,475.00,-989.40
8,19,FG_01,FG_01_2-3_2-30,129.10,1471.21,475.00,-996.21
8,20,FG_01,FG_01_2-3_2-30,124.41,1402.51,475.00,-927.51
8,21,FG_01,FG_01_2-3_2-30,118.26,1330.00,475.00,-855.00
8,22,FG_01,FG_01_2-3_2-30,109.69,1231.99,475.00,-756.99
8,23,FG_01,FG_01_2-3_2-30,100.86,1143.97,475.00,-668.97
8,24,FG_01,FG_01_2-3_2-30,96.28,1073.50,475.00,-598.50
9,1,FG_01,FG_01_2-3_2-30,96.08,1091.33,475.00,-616.33
9,2,FG_01,FG_01_2-3_2-30,91.76,1026.07,475.00,-551.07
9,3,FG_01,FG_01_2-3_2-30,88.36,992.66,475.00,-517.66
9,4,FG_01,FG_01_2-3_2-30,87.78,983.05,475.00,-508.05
9,5,FG_01,FG_01_2-3_2-30,89.96,1000.67,475.00,-525.67
9,6,FG_01,FG_01_2-3_2-30,93.34,1049.89,475.00,-574.89
9,7,FG_01,FG_01_2-3_2-30,100.47,1145.30,475.00,-670.30
9,8,FG_01,FG_01_2-3_2-30,104.51,1200.36,475.00,-725.36
9,9,FG_01,FG_01_2-3_2-30,103.08,1203.69,475.00,-728.69
9,10,FG_01,FG_01_2-3_2-30,100.35,1201.86,475.00,-726.86
9,11,FG_01,FG_01_2-3_2-30,99.88,1204.15,475.00,-729.15
9,12,FG_01,FG_01_2-3_2-30,103.02,1239.05,475.00,-764.05
9,13,FG_01,FG_01_2-3_2-30,100.47,1225.39,475.00,-750.39
9,14,FG_01,FG_01_2-3_2-30,103.29,1252.35,475.00,-777.35
9,15,FG_01,FG_01_2-3_2-30,107.43,1282.16,475.00,-807.16
9,16,FG_01,FG_01_2-3_2-30,108.23,1279.85,475.00,-804.85
9,17,FG_01,FG_01_2-3_2-30,117.83,1364.62,475.00,-889.62
9,18,FG_01,FG_01_2-3_2-30,127.72,1469.75,475.00,-994.75
9,19,FG_01,FG_01_2-3_2-30,129.26,1472.54,475.00,-997.54
9,20,FG_01,FG_01_2-3_2-30,123.70,1395.22,475.00,-920.22
9,21,FG_01,FG_01_2-3_2-30,118.12,1326.84,475.00,-851.84
9,22,FG_01,FG_01_2-3_2-30,108.93,1230.26,475.00,-755.26
9,23,FG_01,FG_01_2-3_2-30,101.49,1151.52,475.00,-676.52
9,24,FG_01,FG_01_2-3_2-30,96.67,1084.08,475.00,-609.08
10,1,FG_01,FG_01_2-3_2-30,96.44,1086.01,475.00,-611.01
10,2,FG_01,FG_01_2-3_2-30,92.30,1035.97,475.00,-560.97
10,3,FG_01,FG_01_2-3_2-30,88.61,994.42,475.00,-519.42
10,4,FG_01,FG_01_2-3_2-30,87.74,984.04,475.00,-509.04
10,5,FG_01,FG_01_2-3_2-30,89.29,999.68,475.00,-524.68
10,6,FG_01,FG_01_2-3_2-30,93.19,1053.01,475.00,-578.01
10,7,FG_01,FG_01_2-3_2-30,99.73,1145.05,475.00,-670.05
10,8,FG_01,FG_01_2-3_2-30,103.95,1196.27,475.00,-721.27
10,9,FG_01,FG_01_2-3_2-30,101.47,1195.67,475.00,-720.67
10,10,FG_01,FG_01_2-3_2-30,100.77,1206.20,475.00,-731.20
10,11,FG_01,FG_01_2-3_2-30,100.38,1208.14,475.00,-733.14
10,12,FG_01,FG_01_2-3_2-30,103.78,1245.79,475.00,-770.79
10,13,FG_01,FG_01_2-3_2-30,101.28,1228.53,475.00,-753.53
10,14,FG_01,FG_01_2-3_2-30,107.53,1281.69,475.00,-806.69
10,15,FG_01,FG_01_2-3_2-30,107.06,1280.53,475.00,-805.53
10,16,FG_01,FG_01_2-3_2-30,111.02,1298.96,475.00,-823.96
10,17,FG_01,FG_01_2-3_2-30,117.83,1364.50,475.00,-889.50
10,18,FG_01,FG_01_2-3_2-30,127.87,1472.49,475.00,-997.49
10,19,FG_01,FG_01_2-3_2-30,128.83,1468.23,475.00,-993.23
10,20,FG_01,FG_01_2-3_2-30,123.65,1406.36,475.00,-931.36
10,21,FG_01,FG_01_2-3_2-30,118.63,1331.08,475.00,-856.08
10,22,FG_01,FG_01_2-3_2-30,109.44,1231.17,475.00,-756.17
10,23,FG_01,FG_01_2-3_2-30,100.51,1138.22,475.00,-663.22
10,24,FG_01,FG_01_2-3_2-30,95.97,1078.02,475.00,-603.02
11,1,FG_01,FG_01_2-3_2-30,96.15,1092.38,475.00,-617.38
11,2,FG_01,FG_01_2-3_2-30,92.49,1039.26,475.00,-564.26
11,3,FG_01,FG_01_2-3_2-30,88.08,997.84,475.00,-522.84
11,4,FG_01,FG_01_2-3_2-30,88.56,988.52,475.00,-513.52
11,5,FG_01,FG_01_2-3_2-30,89.94,1000.69,475.00,-525.69
11,6,FG_01,FG_01_2-3_2-30,92.00,1046.65,475.00,-571.65
11,7,FG_01,FG_01_2-3_2-30,100.04,1141.35,475.00,-666.35
11,8,FG_01,FG_01_2-3_2-30,102.53,1189.45,475.00,-714.45
11,9,FG_01,FG_01_2-3_2-30,102.68,1204.34,475.00,-729.34
11,10,FG_01,FG_01_2-3_2-30,102.80,1218.18,475.00,-743.18
11,11,FG_01,FG_01_2-3_2-30,98.11,1192.01,475.00,-717.01
11,12,FG_01,FG_01_2-3_2-30,106.43,1266.79,475.00,-791.79
11,13,FG_01,FG_01_2-3_2-30,100.41,1223.11,475.00,-748.11
11,14,FG_01,FG_01_2-3_2-30,104.94,1262.58,475.00,-787.58
11,15,FG_01,FG_01_2-3_2-30,104.62,1262.16,475.00,-787.16
11,16,FG_01,FG_01_2-3_2-30,108.40,1281.42,475.00,-806.42
11,17,FG_01,FG_01_2-3_2-30,118.34,1368.63,475.00,-893.63
11,18,FG_01,FG_01_2-3_2-30,128.08,1470.85,475.00,-995.85
11,19,FG_01,FG_01_2-3_2-30,129.23,1471.80,475.00,-996.80
11,20,FG_01,FG_01_2-3_2-30,123.95,1405.54,475.00,-930.54
11,21,FG_01,FG_01_2-3_2-30,118.50,1330.38,475.00,-855.38
11,22,FG_01,FG_01_2-3_2-30,109.26,1230.58,475.00,-755.58
11,23,FG_01,FG_01_2-3_2-30,100.88,1141.00,475.00,-666.00
11,24,FG_01,FG_01_2-3_2-30,96.24,1080.29,475.00,-605.29
12,1,FG_01,FG_01_2-3_2-30,96.57,1087.70,475.00,-612.70
12,2,FG_01,FG_01_2-3_2-30,92.31,1043.78,475.00,-568.78
12,3,FG_01,FG_01_2-3_2-30,88.17,998.52,475.00,-523.52
12,4,FG_01,FG_01_2-3_2-30,88.64,988.98,475.00,-513.98
12,5,FG_01,FG_01_2-3_2-30,89.47,1003.86,475.00,-528.86
12,6,FG_01,FG_01_2-3_2-30,93.05,1056.08,475.00,-581.08
12,7,FG_01,FG_01_2-3_2-30,100.31,1145.94,475.00,-670.94
12,8,FG_01,FG_01_2-3_2-30,103.36,1191.47,475.00,-716.47
12,9,FG_01,FG_01_2-3_2-30,101.76,1196.03,475.00,-721.03
12,10,FG_01,FG_01_2-3_2-30,102.71,1220.76,475.00,-745.76
12,11,FG_01,FG_01_2-3_2-30,103.35,1233.02,475.00,-758.02
12,12,FG_01,FG_01_2-3_2-30,101.45,1227.82,475.00,-752.82
12,13,FG_01,FG_01_2-3_2-30,100.70,1225.59,475.00,-750.59
12,14,FG_01,FG_01_2-3_2-30,105.30,1265.88,475.00,-790.88
12,15,FG_01,FG_01_2-3_2-30,109.81,1302.37,475.00,-827.37
12,16,FG_01,FG_01_2-3_2-30,110.14,1293.11,475.00,-818.11
12,17,FG_01,FG_01_2-3_2-30,117.91,1366.96,475.00,-891.96
12,18,FG_01,FG_01_2-3_2-30,127.48,1468.46,475.00,-993.46
12,19,FG_01,FG_01_2-3_2-30,128.92,1474.18,475.00,-999.18
12,20,FG_01,FG_01_2-3_2-30,123.31,1399.10,475.00,-924.10
12,21,FG_01,FG_01_2-3_2-30,118.24,1332.94,475.00,-857.94
12,22,FG_01,FG_01_2-3_2-30,108.94,1229.51,475.00,-754.51
12,23,FG_01,FG_01_2-3_2-30,101.05,1140.07,475.00,-665.07
12,24,FG_01,FG_01_2-3_2-30,96.88,1081.71,475.00,-606.71
13,1,FG_01,FG_01_2-3_2-30,96.19,1090.06,475.00,-615.06
13,2,FG_01,FG_01_2-3_2-30,92.12,1037.09,475.00,-562.09
13,3,FG_01,FG_01_2-3_2-30,88.45,998.48,475.00,-523.48
13,4,FG_01,FG_01_2-3_2-30,88.62,995.10,475.00,-520.10
13,5,FG_01,FG_01_2-3_2-30,90.30,1002.85,475.00,-527.85
13,6,FG_01,FG_01_2-3_2-30,92.66,1050.67,475.00,-575.67
13,7,FG_01,FG_01_2-3_2-30,99.93,1143.94,475.00,-668.94
13,8,FG_01,FG_01_2-3_2-30,104.24,1197.19,475.00,-722.19
13,9,FG_01,FG_01_2-3_2-30,101.00,1192.48,475.00,-717.48
13,10,FG_01,FG_01_2-3_2-30,97.57,1181.07,475.00,-706.07
13,11,FG_01,FG_01_2-3_2-30,105.34,1248.00,475.00,-773.00
13,12,FG_01,FG_01_2-3_2-30,103.38,1242.49,475.00,-767.49
13,13,FG_01,FG_01_2-3_2-30,101.18,1227.59,475.00,-752.59
13,14,FG_01,FG_01_2-3_2-30,110.61,1305.36,475.00,-830.36
13,15,FG_01,FG_01_2-3_2-30,108.16,1289.28,475.00,-814.28
13,16,FG_01,FG_01_2-3_2-30,108.41,1280.30,475.00,-805.30
13,17,FG_01,FG_01_2-3_2-30,117.74,1362.96,475.00,-887.96
13,18,FG_01,FG_01_2-3_2-30,127.88,1470.14,475.00,-995.14
13,19,FG_01,FG_01_2-3_2-30,128.46,1467.24,475.00,-992.24
13,20,FG_01,FG_01_2-3_2-30,124.02,1407.53,475.00,-932.53
13,21,FG_01,FG_01_2-3_2-30,118.73,1333.59,475.00,-858.59
13,22,FG_01,FG_01_2-3_2-30,109.37,1230.93,475.00,-755.93
13,23,FG_01,FG_01_2-3_2-30,101.41,1141.21,475.00,-666.21
13,24,FG_01,FG_01_2-3_2-30,96.72,1079.59,475.00,-604.59
14,1,FG_01,FG_01_2-3_2-30,96.62,1096.78,475.00,-621.78
14,2,FG_01,FG_01_2-3_2-30,91.33,1026.83,475.00,-551.83
14,3,FG_01,FG_01_2-3_2-30,88.29,999.64,475.00,-524.64
14,4,FG_01,FG_01_2-3_2-30,88.59,988.51,475.00,-513.51
14,5,FG_01,FG_01_2-3_2-30,89.76,1002.51,475.00,-527.51
14,6,FG_01,FG_01_2-3_2-30,92.46,1050.47,475.00,-575.47
14,7,FG_01,FG_01_2-3_2-30,100.55,1146.38,475.00,-671.38
14,8,FG_01,FG_01_2-3_2-30,103.27,1191.28,475.00,-716.28
14,9,FG_01,FG_01_2-3_2-30,104.14,1214.02,475.00,-739.02
14,10,FG_01,FG_01_2-3_2-30,103.42,1223.85,475.00,-748.85
14,11,FG_01,FG_01_2-3_2-30,98.23,1192.75,475.00,-717.75
14,12,FG_01,FG_01_2-3_2-30,104.03,1247.75,475.00,-772.75
14,13,FG_01,FG_01_2-3_2-30,101.81,1232.03,475.00,-757.03
14,14,FG_01,FG_01_2-3_2-30,105.07,1263.25,475.00,-788.25
14,15,FG_01,FG_01_2-3_2-30,105.71,1268.73,475.00,-793.73
14,16,FG_01,FG_01_2-3_2-30,110.95,1299.12,475.00,-824.12
14,17,FG_01,FG_01_2-3_2-30,115.94,1354.52,475.00,-879.52
14,18,FG_01,FG_01_2-3_2-30,128.33,1473.69,475.00,-998.69
14,19,FG_01,FG_01_2-3_2-30,128.55,1465.40,475.00,-990.40
14,20,FG_01,FG_01_2-3_2-30,124.02,1397.88,475.00,-922.88
14,21,FG_01,FG_01_2-3_2-30,118.08,1326.56,475.00,-851.56
14,22,FG_01,FG_01_2-3_2-30,109.11,1231.96,475.00,-756.96
14,23,FG_01,FG_01_2-3_2-30,101.21,1144.55,475.00,-669.55
14,24,FG_01,FG_01_2-3_2-30,96.59,1073.75,475.00,-598.75
15,1,FG_01,FG_01_2-3_2-30,96.70,1091.03,475.00,-616.03
15,2,FG_01,FG_01_2-3_2-30,92.53,1040.48,475.00,-565.48
15,3,FG_01,FG_01_2-3_2-30,88.18,1002.57,475.00,-527.57
15,4,FG_01,FG_01_2-3_2-30,88.45,991.04,475.00,-516.04
15,5,FG_01,FG_01_2-3_2-30,89.78,997.04,475.00,-522.04
15,6,FG_01,FG_01_2-3_2-30,92.51,1049.06,475.00,-574.06
15,7,FG_01,FG_01_2-3_2-30,100.03,1140.97,475.00,-665.97
15,8,FG_01,FG_01_2-3_2-30,103.10,1190.80,475.00,-715.80
15,9,FG_01,FG_01_2-3_2-30,101.92,1199.71,475.00,-724.71
15,10,FG_01,FG_01_2-3_2-30,101.05,1206.20,475.00,-731.20
15,11,FG_01,FG_01_2-3_2-30,98.09,1193.08,475.00,-718.08
15,12,FG_01,FG_01_2-3_2-30,101.06,1222.33,475.00,-747.33
15,13,FG_01,FG_01_2-3_2-30,100.51,1224.55,475.00,-749.55
15,14,FG_01,FG_01_2-3_2-30,108.06,1288.47,475.00,-813.47
15,15,FG_01,FG_01_2-3_2-30,107.48,1285.49,475.00,-810.49
15,16,FG_01,FG_01_2-3_2-30,110.50,1296.98,475.00,-821.98
15,17,FG_01,FG_01_2-3_2-30,119.24,1372.69,475.00,-897.69
15,18,FG_01,FG_01_2-3_2-30,127.86,1470.35,475.00,-995.35
15,19,FG_01,FG_01_2-3_2-30,128.82,1473.72,475.00,-998.72
15,20,FG_01,FG_01_2-3_2-30,124.03,1400.44,475.00,-925.44
15,21,FG_01,FG_01_2-3_2-30,117.34,1320.39,475.00,-845.39
15,22,FG_01,FG_01_2-3_2-30,109.70,1246.78,475.00,-771.78
15,23,FG_01,FG_01_2-3_2-30,101.14,1140.32,475.00,-665.32
15,24,FG_01,FG_01_2-3_2-30,96.78,1082.25,475.00,-607.25
16,1,FG_01,FG_01_2-3_2-30,96.09,1088.52,475.00,-613.52
16,2,FG_01,FG_01_2-3_2-30,92.13,1035.96,475.00,-560.96
16,3,FG_01,FG_01_2-3_2-30,88.17,1000.26,475.00,-525.26
16,4,FG_01,FG_01_2-3_2-30,88.37,989.53,475.00,-514.53
16,5,FG_01,FG_01_2-3_2-30,89.96,1003.91,475.00,-528.91
16,6,FG_01,FG_01_2-3_2-30,92.86,1051.91,475.00,-576.91
16,7,FG_01,FG_01_2-3_2-30,99.92,1140.35,475.00,-665.35
16,8,FG_01,FG_01_2-3_2-30,103.80,1194.95,475.00,-719.95
16,9,FG_01,FG_01_2-3_2-30,100.44,1189.91,475.00,-714.91
16,10,FG_01,FG_01_2-3_2-30,99.71,1198.58,475.00,-723.58
16,11,FG_01,FG_01_2-3_2-30,101.44,1217.77,475.00,-742.77
16,12,FG_01,FG_01_2-3_2-30,100.87,1221.99,475.00,-746.99
16,13,FG_01,FG_01_2-3_2-30,103.86,1248.97,475.00,-773.97
16,14,FG_01,FG_01_2-3_2-30,107.70,1284.94,475.00,-809.94
16,15,FG_01,FG_01_2-3_2-30,107.62,1285.41,475.00,-810.41
16,16,FG_01,FG_01_2-3_2-30,111.48,1304.11,475.00,-829.11
16,17,FG_01,FG_01_2-3_2-30,117.27,1361.47,475.00,-886.47
16,18,FG_01,FG_01_2-3_2-30,128.68,1472.83,475.00,-997.83
16,19,FG_01,FG_01_2-3_2-30,128.54,1465.38,475.00,-990.38
16,20,FG_01,FG_01_2-3_2-30,124.47,1401.91,475.00,-926.91
16,21,FG_01,FG_01_2-3_2-30,117.92,1329.40,475.00,-854.40
16,22,FG_01,FG_01_2-3_2-30,108.99,1233.18,475.00,-758.18
16,23,FG_01,FG_01_2-3_2-30,100.90,1139.77,475.00,-664.77
16,24,FG_01,FG_01_2-3_2-30,96.42,1077.03,475.00,-602.03
17,1,FG_01,FG_01_2-3_2-30,96.28,1083.31,475.00,-608.31
17,2,FG_01,FG_01_2-3_2-30,92.29,1036.36,475.00,-561.36
17,3,FG_01,FG_01_2-3_2-30,88.68,1006.43,475.00,-531.43
17,4,FG_01,FG_01_2-3_2-30,88.25,987.65,475.00,-512.65
17,5,FG_01,FG_01_2-3_2-30,89.61,999.63,475.00,-524.63
17,6,FG_01,FG_01_2-3_2-30,92.74,1056.87,475.00,-581.87
17,7,FG_01,FG_01_2-3_2-30,99.98,1145.02,475.00,-670.02
17,8,FG_01,FG_01_2-3_2-30,102.15,1185.80,475.00,-710.80
17,9,FG_01,FG_01_2-3_2-30,101.33,1194.06,475.00,-719.06
17,10,FG_01,FG_01_2-3_2-30,105.98,1242.83,475.00,-767.83
17,11,FG_01,FG_01_2-3_2-30,97.96,1192.76,475.00,-717.76
17,12,FG_01,FG_01_2-3_2-30,102.14,1232.73,475.00,-757.73
17,13,FG_01,FG_01_2-3_2-30,100.34,1223.91,475.00,-748.91
17,14,FG_01,FG_01_2-3_2-30,108.37,1288.93,475.00,-813.93
17,15,FG_01,FG_01_2-3_2-30,106.96,1276.41,475.00,-801.41
17,16,FG_01,FG_01_2-3_2-30,111.50,1303.70,475.00,-828.70
17,17,FG_01,FG_01_2-3_2-30,118.25,1366.71,475.00,-891.71
17,18,FG_01,FG_01_2-3_2-30,127.91,1472.46,475.00,-997.46
17,19,FG_01,FG_01_2-3_2-30,128.83,1473.12,475.00,-998.12
17,20,FG_01,FG_01_2-3_2-30,124.26,1405.58,475.00,-930.58
17,21,FG_01,FG_01_2-3_2-30,119.23,1344.22,475.00,-869.22
17,22,FG_01,FG_01_2-3_2-30,108.99,1234.94,475.00,-759.94
17,23,FG_01,FG_01_2-3_2-30,101.41,1148.39,475.00,-673.39
17,24,FG_01,FG_01_2-3_2-30,97.15,1083.69,475.00,-608.69
18,1,FG_01,FG_01_2-3_2-30,95.97,1089.35,475.00,-614.35
18,2,FG_01,FG_01_2-3_2-30,91.98,1042.31,475.00,-567.31
18,3,FG_01,FG_01_2-3_2-30,88.37,1001.75,475.00,-526.75
18,4,FG_01,FG_01_2-3_2-30,88.58,987.51,475.00,-512.51
18,5,FG_01,FG_01_2-3_2-30,89.86,1005.18,475.00,-530.18
18,6,FG_01,FG_01_2-3_2-30,92.08,1044.33,475.00,-569.33
18,7,FG_01,FG_01_2-3_2-30,100.10,1141.89,475.00,-666.89
18,8,FG_01,FG_01_2-3_2-30,103.98,1193.03,475.00,-718.03
18,9,FG_01,FG_01_2-3_2-30,103.61,1209.56,475.00,-734.56
18,10,FG_01,FG_01_2-3_2-30,101.26,1207.86,475.00,-732.86
18,11,FG_01,FG_01_2-3_2-30,100.26,1207.60,475.00,-732.60
18,12,FG_01,FG_01_2-3_2-30,100.69,1220.11,475.00,-745.11
18,13,FG_01,FG_01_2-3_2-30,101.42,1230.69,475.00,-755.69
18,14,FG_01,FG_01_2-3_2-30,107.87,1283.77,475.00,-808.77
18,15,FG_01,FG_01_2-3_2-30,106.50,1277.17,475.00,-802.17
18,16,FG_01,FG_01_2-3_2-30,110.43,1294.54,475.00,-819.54
18,17,FG_01,FG_01_2-3_2-30,119.36,1372.44,475.00,-897.44
18,18,FG_01,FG_01_2-3_2-30,127.34,1469.91,475.00,-994.91
18,19,FG_01,FG_01_2-3_2-30,128.71,1474.61,475.00,-999.61
18,20,FG_01,FG_01_2-3_2-30,123.71,1398.65,475.00,-923.65
18,21,FG_01,FG_01_2-3_2-30,118.02,1326.01,475.00,-851.01
18,22,FG_01,FG_01_2-3_2-30,109.11,1230.43,475.00,-755.43
18,23,FG_01,FG_01_2-3_2-30,100.44,1138.88,475.00,-663.88
18,24,FG_01,FG_01_2-3_2-30,96.91,1089.64,475.00,-614.64
19,1,FG_01,FG_01_2-3_2-30,96.93,1097.95,475.00,-622.95
19,2,FG_01,FG_01_2-3_2-30,91.76,1030.81,475.00,-555.81
19,3,FG_01,FG_01_2-3_2-30,88.77,1004.21,475.00,-529.21
19,4,FG_01,FG_01_2-3_2-30,88.69,982.55,475.00,-507.55
19,5,FG_01,FG_01_2-3_2-30,89.45,999.39,475.00,-524.39
19,6,FG_01,FG_01_2-3_2-30,92.78,1052.66,475.00,-577.66
19,7,FG_01,FG_01_2-3_2-30,99.60,1143.84,475.00,-668.84
19,8,FG_01,FG_01_2-3_2-30,101.88,1185.89,475.00,-710.89
19,9,FG_01,FG_01_2-3_2-30,102.39,1201.36,475.00,-726.36
19,10,FG_01,FG_01_2-3_2-30,101.83,1212.48,475.00,-737.48
19,11,FG_01,FG_01_2-3_2-30,102.13,1221.90,475.00,-746.90
19,12,FG_01,FG_01_2-3_2-30,100.22,1218.40,475.00,-743.40
19,13,FG_01,FG_01_2-3_2-30,100.62,1222.15,475.00,-747.15
19,14,FG_01,FG_01_2-3_2-30,104.41,1256.53,475.00,-781.53
19,15,FG_01,FG_01_2-3_2-30,106.00,1268.52,475.00,-793.52
19,16,FG_01,FG_01_2-3_2-30,109.63,1288.22,475.00,-813.22
19,17,FG_01,FG_01_2-3_2-30,116.62,1358.04,475.00,-883.04
19,18,FG_01,FG_01_2-3_2-30,127.37,1465.60,475.00,-990.60
19,19,FG_01,FG_01_2-3_2-30,129.44,1469.48,475.00,-994.48
19,20,FG_01,FG_01_2-3_2-30,123.75,1403.55,475.00,-928.55
19,21,FG_01,FG_01_2-3_2-30,117.78,1327.63,475.00,-852.63
19,22,FG_01,FG_01_2-3_2-30,108.20,1230.22,475.00,-755.22
19,23,FG_01,FG_01_2-3_2-30,101.43,1149.50,475.00,-674.50
19,24,FG_01,FG_01_2-3_2-30,96.49,1076.50,475.00,-601.50
20,1,FG_01,FG_01_2-3_2-30,96.30,1093.48,475.00,-618.48
20,2,FG_01,FG_01_2-3_2-30,92.08,1038.23,475.00,-563.23
20,3,FG_01,FG_01_2-3_2-30,88.93,1007.04,475.00,-532.04
20,4,FG_01,FG_01_2-3_2-30,88.12,984.75,475.00,-509.75
20,5,FG_01,FG_01_2-3_2-30,89.81,995.62,475.00,-520.62
20,6,FG_01,FG_01_2-3_2-30,93.08,1057.30,475.00,-582.30
20,7,FG_01,FG_01_2-3_2-30,100.16,1142.92,475.00,-667.92
20,8,FG_01,FG_01_2-3_2-30,104.54,1199.31,475.00,-724.31
20,9,FG_01,FG_01_2-3_2-30,101.64,1194.71,475.00,-719.71
20,10,FG_01,FG_01_2-3_2-30,99.71,1197.44,475.00,-722.44
20,11,FG_01,FG_01_2-3_2-30,99.23,1200.11,475.00,-725.11
20,12,FG_01,FG_01_2-3_2-30,100.68,1220.82,475.00,-745.82
20,13,FG_01,FG_01_2-3_2-30,103.35,1243.15,475.00,-768.15
20,14,FG_01,FG_01_2-3_2-30,105.07,1262.86,475.00,-787.86
20,15,FG_01,FG_01_2-3_2-30,106.76,1278.17,475.00,-803.17
20,16,FG_01,FG_01_2-3_2-30,111.23,1301.37,475.00,-826.37
20,17,FG_01,FG_01_2-3_2-30,117.34,1359.77,475.00,-884.77
20,18,FG_01,FG_01_2-3_2-30,128.81,1473.00,475.00,-998.00
20,19,FG_01,FG_01_2-3_2-30,128.65,1469.33,475.00,-994.33
20,20,FG_01,FG_01_2-3_2-30,124.07,1402.49,475.00,-927.49
20,21,FG_01,FG_01_2-3_2-30,118.22,1327.71,475.00,-852.71
20,22,FG_01,FG_01_2-3_2-30,109.50,1233.36,475.00,-758.36
20,23,FG_01,FG_01_2-3_2-30,100.41,1139.49,475.00,-664.49
20,24,FG_01,FG_01_2-3_2-30,96.57,1083.65,475.00,-608.65
21,1,FG_01,FG_01_2-3_2-30,96.91,1101.67,475.00,-626.67
21,2,FG_01,FG_01_2-3_2-30,91.78,1031.62,475.00,-556.62
21,3,FG_01,FG_01_2-3_2-30,88.16,1001.16,475.00,-526.16
21,4,FG_01,FG_01_2-3_2-30,88.37,990.88,475.00,-515.88
21,5,FG_01,FG_01_2-3_2-30,89.96,1003.80,475.00,-528.80
21,6,FG_01,FG_01_2-3_2-30,92.47,1047.31,475.00,-572.31
21,7,FG_01,FG_01_2-3_2-30,99.94,1142.44,475.00,-667.44
21,8,FG_01,FG_01_2-3_2-30,103.09,1189.20,475.00,-714.20
21,9,FG_01,FG_01_2-3_2-30,102.91,1205.42,475.00,-730.42
21,10,FG_01,FG_01_2-3_2-30,101.65,1210.45,475.00,-735.45
21,11,FG_01,FG_01_2-3_2-30,100.58,1211.26,475.00,-736.26
21,12,FG_01,FG_01_2-3_2-30,101.00,1222.89,475.00,-747.89
21,13,FG_01,FG_01_2-3_2-30,100.81,1225.13,475.00,-750.13
21,14,FG_01,FG_01_2-3_2-30,108.35,1289.63,475.00,-814.63
21,15,FG_01,FG_01_2-3_2-30,105.78,1271.24,475.00,-796.24
21,16,FG_01,FG_01_2-3_2-30,110.79,1299.47,475.00,-824.47
21,17,FG_01,FG_01_2-3_2-30,118.02,1364.82,475.00,-889.82
21,18,FG_01,FG_01_2-3_2-30,128.05,1473.09,475.00,-998.09
21,19,FG_01,FG_01_2-3_2-30,129.10,1469.55,475.00,-994.55
21,20,FG_01,FG_01_2-3_2-30,124.20,1403.81,475.00,-928.81
21,21,FG_01,FG_01_2-3_2-30,117.61,1328.45,475.00,-853.45
21,22,FG_01,FG_01_2-3_2-30,109.70,1232.03,475.00,-757.03
21,23,FG_01,FG_01_2-3_2-30,100.70,1142.27,475.00,-667.27
21,24,FG_01,FG_01_2-3_2-30,96.96,1084.78,475.00,-609.78
22,1,FG_01,FG_01_2-3_2-30,95.70,1091.63,475.00,-616.63
22,2,FG_01,FG_01_2-3_2-30,91.89,1031.81,475.00,-556.81
22,3,FG_01,FG_01_2-3_2-30,89.05,1007.34,475.00,-532.34
22,4,FG_01,FG_01_2-3_2-30,88.01,990.30,475.00,-515.30
22,5,FG_01,FG_01_2-3_2-30,89.82,998.86,475.00,-523.86
22,6,FG_01,FG_01_2-3_2-30,93.47,1056.33,475.00,-581.33
22,7,FG_01,FG_01_2-3_2-30,99.41,1141.51,475.00,-666.51
22,8,FG_01,FG_01_2-3_2-30,102.77,1189.39,475.00,-714.39
22,9,FG_01,FG_01_2-3_2-30,101.97,1199.36,475.00,-724.36
22,10,FG_01,FG_01_2-3_2-30,97.69,1181.88,475.00,-706.88
22,11,FG_01,FG_01_2-3_2-30,99.02,1198.24,475.00,-723.24
22,12,FG_01,FG_01_2-3_2-30,100.28,1220.06,475.00,-745.06
22,13,FG_01,FG_01_2-3_2-30,101.68,1232.33,475.00,-757.33
22,14,FG_01,FG_01_2-3_2-30,107.84,1286.52,475.00,-811.52
22,15,FG_01,FG_01_2-3_2-30,106.29,1276.02,475.00,-801.02
22,16,FG_01,FG_01_2-3_2-30,108.97,1287.40,475.00,-812.40
22,17,FG_01,FG_01_2-3_2-30,116.11,1353.99,475.00,-878.99
22,18,FG_01,FG_01_2-3_2-30,128.69,1474.34,475.00,-999.34
22,19,FG_01,FG_01_2-3_2-30,128.22,1463.26,475.00,-988.26
22,20,FG_01,FG_01_2-3_2-30,124.52,1405.47,475.00,-930.47
22,21,FG_01,FG_01_2-3_2-30,118.12,1332.25,475.00,-857.25
22,22,FG_01,FG_01_2-3_2-30,109.12,1231.73,475.00,-756.73
22,23,FG_01,FG_01_2-3_2-30,101.41,1141.22,475.00,-666.22
22,24,FG_01,FG_01_2-3_2-30,96.85,1077.78,475.00,-602.78
23,1,FG_01,FG_01_2-3_2-30,96.31,1091.69,475.00,-616.69
23,2,FG_01,FG_01_2-3_2-30,92.04,1034.32,475.00,-559.32
23,3,FG_01,FG_01_2-3_2-30,88.49,996.56,475.00,-521.56
23,4,FG_01,FG_01_2-3_2-30,88.33,986.03,475.00,-511.03
23,5,FG_01,FG_01_2-3_2-30,90.41,1007.74,475.00,-532.74
23,6,FG_01,FG_01_2-3_2-30,93.00,1054.62,475.00,-579.62
23,7,FG_01,FG_01_2-3_2-30,100.15,1143.34,475.00,-668.34
23,8,FG_01,FG_01_2-3_2-30,103.56,1192.95,475.00,-717.95
23,9,FG_01,FG_01_2-3_2-30,101.02,1192.47,475.00,-717.47
23,10,FG_01,FG_01_2-3_2-30,104.80,1235.03,475.00,-760.03
23,11,FG_01,FG_01_2-3_2-30,101.21,1216.18,475.00,-741.18
23,12,FG_01,FG_01_2-3_2-30,103.08,1240.37,475.00,-765.37
23,13,FG_01,FG_01_2-3_2-30,100.65,1224.85,475.00,-749.85
23,14,FG_01,FG_01_2-3_2-30,106.98,1277.69,475.00,-802.69
23,15,FG_01,FG_01_2-3_2-30,104.40,1261.94,475.00,-786.94
23,16,FG_01,FG_01_2-3_2-30,109.98,1289.65,475.00,-814.65
23,17,FG_01,FG_01_2-3_2-30,117.68,1363.80,475.00,-888.80
23,18,FG_01,FG_01_2-3_2-30,127.44,1471.68,475.00,-996.68
23,19,FG_01,FG_01_2-3_2-30,128.96,1473.57,475.00,-998.57
23,20,FG_01,FG_01_2-3_2-30,123.73,1403.60,475.00,-928.60
23,21,FG_01,FG_01_2-3_2-30,118.01,1330.17,475.00,-855.17
23,22,FG_01,FG_01_2-3_2-30,109.01,1232.94,475.00,-757.94
23,23,FG_01,FG_01_2-3_2-30,101.66,1153.57,475.00,-678.57
23,24,FG_01,FG_01_2-3_2-30,96.49,1075.10,475.00,-600.10
24,1,FG_01,FG_01_2-3_2-30,95.89,1091.20,475.00,-616.20
24,2,FG_01,FG_01_2-3_2-30,92.26,1036.89,475.00,-561.89
24,3,FG_01,FG_01_2-3_2-30,88.29,996.93,475.00,-521.93
24,4,FG_01,FG_01_2-3_2-30,88.34,984.25,475.00,-509.25
24,5,FG_01,FG_01_2-3_2-30,90.21,1004.79,475.00,-529.79
24,6,FG_01,FG_01_2-3_2-30,92.60,1054.89,475.00,-579.89
24,7,FG_01,FG_01_2-3_2-30,99.62,1145.02,475.00,-670.02
24,8,FG_01,FG_01_2-3_2-30,103.12,1194.61,475.00,-719.61
24,9,FG_01,FG_01_2-3_2-30,101.19,1192.97,475.00,-717.97
24,10,FG_01,FG_01_2-3_2-30,102.54,1219.07,475.00,-744.07
24,11,FG_01,FG_01_2-3_2-30,102.89,1229.09,475.00,-754.09
24,12,FG_01,FG_01_2-3_2-30,100.12,1216.52,475.00,-741.52
24,13,FG_01,FG_01_2-3_2-30,102.71,1240.06,475.00,-765.06
24,14,FG_01,FG_01_2-3_2-30,107.54,1282.58,475.00,-807.58
24,15,FG_01,FG_01_2-3_2-30,108.63,1291.88,475.00,-816.88
24,16,FG_01,FG_01_2-3_2-30,111.63,1303.63,475.00,-828.63
24,17,FG_01,FG_01_2-3_2-30,118.80,1368.62,475.00,-893.62
24,18,FG_01,FG_01_2-3_2-30,126.81,1465.10,475.00,-990.10
24,19,FG_01,FG_01_2-3_2-30,129.09,1471.08,475.00,-996.08
24,20,FG_01,FG_01_2-3_2-30,122.83,1402.07,475.00,-927.07
24,21,FG_01,FG_01_2-3_2-30,118.18,1333.33,475.00,-858.33
24,22,FG_01,FG_01_2-3_2-30,109.01,1229.79,475.00,-754.79
24,23,FG_01,FG_01_2-3_2-30,101.37,1150.01,475.00,-675.01
24,24,FG_01,FG_01_2-3_2-30,96.82,1080.66,475.00,-605.66
25,1,FG_01,FG_01_2-3_2-30,96.36,1086.87,475.00,-611.87
25,2,FG_01,FG_01_2-3_2-30,91.64,1027.90,475.00,-552.90
25,3,FG_01,FG_01_2-3_2-30,88.00,993.63,475.00,-518.63
25,4,FG_01,FG_01_2-3_2-30,88.43,991.75,475.00,-516.75
25,5,FG_01,FG_01_2-3_2-30,90.51,1002.83,475.00,-527.83
25,6,FG_01,FG_01_2-3_2-30,93.04,1054.04,475.00,-579.04
25,7,FG_01,FG_01_2-3_2-30,100.40,1144.78,475.00,-669.78
25,8,FG_01,FG_01_2-3_2-30,102.58,1186.81,475.00,-711.81
25,9,FG_01,FG_01_2-3_2-30,101.71,1197.34,475.00,-722.34
25,10,FG_01,FG_01_2-3_2-30,101.19,1207.21,475.00,-732.21
25,11,FG_01,FG_01_2-3_2-30,101.37,1215.05,475.00,-740.05
25,12,FG_01,FG_01_2-3_2-30,99.33,1211.46,475.00,-736.46
25,13,FG_01,FG_01_2-3_2-30,105.79,1263.74,475.00,-788.74
25,14,FG_01,FG_01_2-3_2-30,110.06,1301.71,475.00,-826.71
25,15,FG_01,FG_01_2-3_2-30,101.31,1237.05,475.00,-762.05
25,16,FG_01,FG_01_2-3_2-30,109.29,1288.18,475.00,-813.18
25,17,FG_01,FG_01_2-3_2-30,117.49,1363.89,475.00,-888.89
25,18,FG_01,FG_01_2-3_2-30,127.44,1467.37,475.00,-992.37
25,19,FG_01,FG_01_2-3_2-30,128.58,1469.92,475.00,-994.92
25,20,FG_01,FG_01_2-3_2-30,123.88,1400.58,475.00,-925.58
25,21,FG_01,FG_01_2-3_2-30,118.14,1331.06,475.00,-856.06
25,22,FG_01,FG_01_2-3_2-30,108.77,1229.59,475.00,-754.59
25,23,FG_01,FG_01_2-3_2-30,100.63,1138.61,475.00,-663.61
25,24,FG_01,FG_01_2-3_2-30,96.38,1077.76,475.00,-602.76
26,1,FG_01,FG_01_2-3_2-30,96.10,1088.90,475.00,-613.90
26,2,FG_01,FG_01_2-3_2-30,92.15,1032.87,475.00,-557.87
26,3,FG_01,FG_01_2-3_2-30,88.79,1004.84,475.00,-529.84
26,4,FG_01,FG_01_2-3_2-30,88.02,986.70,475.00,-511.70
26,5,FG_01,FG_01_2-3_2-30,89.64,1000.33,475.00,-525.33
26,6,FG_01,FG_01_2-3_2-30,93.04,1049.98,475.00,-574.98
26,7,FG_01,FG_01_2-3_2-30,100.50,1145.96,475.00,-670.96
26,8,FG_01,FG_01_2-3_2-30,102.57,1189.13,475.00,-714.13
26,9,FG_01,FG_01_2-3_2-30,101.93,1198.38,475.00,-723.38
26,10,FG_01,FG_01_2-3_2-30,103.39,1225.28,475.00,-750.28
26,11,FG_01,FG_01_2-3_2-30,100.38,1208.99,475.00,-733.99
26,12,FG_01,FG_01_2-3_2-30,101.95,1231.37,475.00,-756.37
26,13,FG_01,FG_01_2-3_2-30,100.21,1222.25,475.00,-747.25
26,14,FG_01,FG_01_2-3_2-30,104.50,1259.29,475.00,-784.29
26,15,FG_01,FG_01_2-3_2-30,105.86,1272.30,475.00,-797.30
26,16,FG_01,FG_01_2-3_2-30,111.35,1300.40,475.00,-825.40
26,17,FG_01,FG_01_2-3_2-30,119.82,1378.22,475.00,-903.22
26,18,FG_01,FG_01_2-3_2-30,127.14,1465.10,475.00,-990.10
26,19,FG_01,FG_01_2-3_2-30,128.89,1470.09,475.00,-995.09
26,20,FG_01,FG_01_2-3_2-30,123.55,1400.41,475.00,-925.41
26,21,FG_01,FG_01_2-3_2-30,118.52,1334.80,475.00,-859.80
26,22,FG_01,FG_01_2-3_2-30,108.93,1231.73,475.00,-756.73
26,23,FG_01,FG_01_2-3_2-30,100.97,1142.14,475.00,-667.14
26,24,FG_01,FG_01_2-3_2-30,96.56,1086.09,475.00,-611.09
27,1,FG_01,FG_01_2-3_2-30,96.55,1088.18,475.00,-613.18
27,2,FG_01,FG_01_2-3_2-30,92.06,1035.08,475.00,-560.08
27,3,FG_01,FG_01_2-3_2-30,88.32,1005.28,475.00,-530.28
27,4,FG_01,FG_01_2-3_2-30,88.12,989.09,475.00,-514.09
27,5,FG_01,FG_01_2-3_2-30,90.07,1002.80,475.00,-527.80
27,6,FG_01,FG_01_2-3_2-30,93.18,1052.18,475.00,-577.18
27,7,FG_01,FG_01_2-3_2-30,100.11,1145.88,475.00,-670.88
27,8,FG_01,FG_01_2-3_2-30,103.48,1189.79,475.00,-714.79
27,9,FG_01,FG_01_2-3_2-30,101.70,1196.05,475.00,-721.05
27,10,FG_01,FG_01_2-3_2-30,102.09,1216.63,475.00,-741.63
27,11,FG_01,FG_01_2-3_2-30,105.21,1246.83,475.00,-771.83
27,12,FG_01,FG_01_2-3_2-30,99.32,1210.72,475.00,-735.72
27,13,FG_01,FG_01_2-3_2-30,100.74,1224.36,475.00,-749.36
27,14,FG_01,FG_01_2-3_2-30,105.96,1269.61,475.00,-794.61
27,15,FG_01,FG_01_2-3_2-30,103.57,1255.56,475.00,-780.56
27,16,FG_01,FG_01_2-3_2-30,112.66,1312.44,475.00,-837.44
27,17,FG_01,FG_01_2-3_2-30,117.06,1359.67,475.00,-884.67
27,18,FG_01,FG_01_2-3_2-30,128.37,1473.75,475.00,-998.75
27,19,FG_01,FG_01_2-3_2-30,129.17,1472.19,475.00,-997.19
27,20,FG_01,FG_01_2-3_2-30,124.24,1404.78,475.00,-929.78
27,21,FG_01,FG_01_2-3_2-30,118.04,1327.05,475.00,-852.05
27,22,FG_01,FG_01_2-3_2-30,109.61,1231.74,475.00,-756.74
27,23,FG_01,FG_01_2-3_2-30,100.82,1139.81,475.00,-664.81
27,24,FG_01,FG_01_2-3_2-30,96.56,1084.84,475.00,-609.84
28,1,FG_01,FG_01_2-3_2-30,96.26,1088.35,475.00,-613.35
28,2,FG_01,FG_01_2-3_2-30,91.73,1030.20,475.00,-555.20
28,3,FG_01,FG_01_2-3_2-30,88.71,1007.38,475.00,-532.38
28,4,FG_01,FG_01_2-3_2-30,87.92,990.83,475.00,-515.83
28,5,FG_01,FG_01_2-3_2-30,90.17,1003.59,475.00,-528.59
28,6,FG_01,FG_01_2-3_2-30,92.78,1052.74,475.00,-577.74
28,7,FG_01,FG_01_2-3_2-30,99.93,1145.28,475.00,-670.28
28,8,FG_01,FG_01_2-3_2-30,104.44,1195.86,475.00,-720.86
28,9,FG_01,FG_01_2-3_2-30,99.80,1183.73,475.00,-708.73
28,10,FG_01,FG_01_2-3_2-30,103.06,1221.87,475.00,-746.87
28,11,FG_01,FG_01_2-3_2-30,99.67,1203.96,475.00,-728.96
28,12,FG_01,FG_01_2-3_2-30,102.06,1232.40,475.00,-757.40
28,13,FG_01,FG_01_2-3_2-30,100.47,1222.78,475.00,-747.78
28,14,FG_01,FG_01_2-3_2-30,107.06,1278.56,475.00,-803.56
28,15,FG_01,FG_01_2-3_2-30,104.10,1257.21,475.00,-782.21
28,16,FG_01,FG_01_2-3_2-30,110.09,1294.25,475.00,-819.25
28,17,FG_01,FG_01_2-3_2-30,118.49,1369.74,475.00,-894.74
28,18,FG_01,FG_01_2-3_2-30,127.71,1471.19,475.00,-996.19
28,19,FG_01,FG_01_2-3_2-30,128.84,1470.39,475.00,-995.39
28,20,FG_01,FG_01_2-3_2-30,123.82,1404.59,475.00,-929.59
28,21,FG_01,FG_01_2-3_2-30,117.32,1320.25,475.00,-845.25
28,22,FG_01,FG_01_2-3_2-30,108.55,1236.73,475.00,-761.73
28,23,FG_01,FG_01_2-3_2-30,101.21,1140.53,475.00,-665.53
28,24,FG_01,FG_01_2-3_2-30,96.69,1085.24,475.00,-610.24
29,1,FG_01,FG_01_2-3_2-30,95.79,1083.84,475.00,-608.84
29,2,FG_01,FG_01_2-3_2-30,92.57,1041.03,475.00,-566.03
29,3,FG_01,FG_01_2-3_2-30,88.26,1000.66,475.00,-525.66
29,4,FG_01,FG_01_2-3_2-30,88.19,986.49,475.00,-511.49
29,5,FG_01,FG_01_2-3_2-30,89.63,1001.06,475.00,-526.06
29,6,FG_01,FG_01_2-3_2-30,93.07,1057.22,475.00,-582.22
29,7,FG_01,FG_01_2-3_2-30,100.29,1148.03,475.00,-673.03
29,8,FG_01,FG_01_2-3_2-30,103.94,1196.40,475.00,-721.40
29,9,FG_01,FG_01_2-3_2-30,104.33,1213.34,475.00,-738.34
29,10,FG_01,FG_01_2-3_2-30,103.50,1226.43,475.00,-751.43
29,11,FG_01,FG_01_2-3_2-30,100.79,1213.00,475.00,-738.00
29,12,FG_01,FG_01_2-3_2-30,100.79,1221.84,475.00,-746.84
29,13,FG_01,FG_01_2-3_2-30,100.57,1223.94,475.00,-748.94
29,14,FG_01,FG_01_2-3_2-30,106.30,1271.91,475.00,-796.91
29,15,FG_01,FG_01_2-3_2-30,105.32,1266.80,475.00,-791.80
29,16,FG_01,FG_01_2-3_2-30,108.15,1277.44,475.00,-802.44
29,17,FG_01,FG_01_2-3_2-30,119.34,1372.69,475.00,-897.69
29,18,FG_01,FG_01_2-3_2-30,127.81,1472.97,475.00,-997.97
29,19,FG_01,FG_01_2-3_2-30,128.47,1467.95,475.00,-992.95
29,20,FG_01,FG_01_2-3_2-30,123.93,1401.75,475.00,-926.75
29,21,FG_01,FG_01_2-3_2-30,117.87,1324.82,475.00,-849.82
29,22,FG_01,FG_01_2-3_2-30,109.26,1231.32,475.00,-756.32
29,23,FG_01,FG_01_2-3_2-30,100.86,1139.37,475.00,-664.37
29,24,FG_01,FG_01_2-3_2-30,96.20,1079.71,475.00,-604.71
30,1,FG_01,FG_01_2-3_2-30,96.43,1095.33,475.00,-620.33
30,2,FG_01,FG_01_2-3_2-30,92.57,1040.86,475.00,-565.86
30,3,FG_01,FG_01_2-3_2-30,88.84,1001.10,475.00,-526.10
30,4,FG_01,FG_01_2-3_2-30,88.36,992.37,475.00,-517.37
30,5,FG_01,FG_01_2-3_2-30,89.56,993.26,475.00,-518.26
30,6,FG_01,FG_01_2-3_2-30,92.58,1042.34,475.00,-567.34
30,7,FG_01,FG_01_2-3_2-30,100.07,1141.59,475.00,-666.59
30,8,FG_01,FG_01_2-3_2-30,103.90,1193.80,475.00,-718.80
30,9,FG_01,FG_01_2-3_2-30,100.16,1184.98,475.00,-709.98
30,10,FG_01,FG_01_2-3_2-30,101.29,1207.87,475.00,-732.87
30,11,FG_01,FG_01_2-3_2-30,103.02,1229.91,475.00,-754.91
30,12,FG_01,FG_01_2-3_2-30,100.58,1220.17,475.00,-745.17
30,13,FG_01,FG_01_2-3_2-30,104.57,1256.71,475.00,-781.71
30,14,FG_01,FG_01_2-3_2-30,108.01,1286.79,475.00,-811.79
30,15,FG_01,FG_01_2-3_2-30,105.51,1268.80,475.00,-793.80
30,16,FG_01,FG_01_2-3_2-30,110.12,1293.24,475.00,-818.24
30,17,FG_01,FG_01_2-3_2-30,117.86,1363.14,475.00,-888.14
30,18,FG_01,FG_01_2-3_2-30,128.37,1468.43,475.00,-993.43
30,19,FG_01,FG_01_2-3_2-30,129.00,1473.84,475.00,-998.84
30,20,FG_01,FG_01_2-3_2-30,124.35,1404.97,475.00,-929.97
30,21,FG_01,FG_01_2-3_2-30,117.77,1323.92,475.00,-848.92
30,22,FG_01,FG_01_2-3_2-30,108.19,1229.15,475.00,-754.15
30,23,FG_01,FG_01_2-3_2-30,100.60,1144.37,475.00,-669.37
30,24,FG_01,FG_01_2-3_2-30,95.87,1075.18,475.00,-600.18
31,1,FG_01,FG_01_2-3_2-30,96.22,1090.06,475.00,-615.06
31,2,FG_01,FG_01_2-3_2-30,92.46,1037.57,475.00,-562.57
31,3,FG_01,FG_01_2-3_2-30,88.24,999.08,475.00,-524.08
31,4,FG_01,FG_01_2-3_2-30,88.76,986.21,475.00,-511.21
31,5,FG_01,FG_01_2-3_2-30,89.74,1000.07,475.00,-525.07
31,6,FG_01,FG_01_2-3_2-30,92.52,1051.43,475.00,-576.43
31,7,FG_01,FG_01_2-3_2-30,100.24,1144.32,475.00,-669.32
31,8,FG_01,FG_01_2-3_2-30,102.61,1188.29,475.00,-713.29
31,9,FG_01,FG_01_2-3_2-30,102.51,1203.64,475.00,-728.64
31,10,FG_01,FG_01_2-3_2-30,100.19,1198.87,475.00,-723.87
31,11,FG_01,FG_01_2-3_2-30,99.86,1204.94,475.00,-729.94
31,12,FG_01,FG_01_2-3_2-30,100.54,1220.82,475.00,-745.82
31,13,FG_01,FG_01_2-3_2-30,101.25,1227.91,475.00,-752.91
31,14,FG_01,FG_01_2-3_2-30,108.82,1293.12,475.00,-818.12
31,15,FG_01,FG_01_2-3_2-30,103.45,1252.08,475.00,-777.08
31,16,FG_01,FG_01_2-3_2-30,110.37,1297.18,475.00,-822.18
31,17,FG_01,FG_01_2-3_2-30,117.22,1360.31,475.00,-885.31
31,18,FG_01,FG_01_2-3_2-30,127.86,1467.53,475.00,-992.53
31,19,FG_01,FG_01_2-3_2-30,128.65,1471.44,475.00,-996.44
31,20,FG_01,FG_01_2-3_2-30,124.41,1416.58,475.00,-941.58
31,21,FG_01,FG_01_2-3_2-30,118.33,1330.10,475.00,-855.10
31,22,FG_01,FG_01_2-3_2-30,109.18,1239.04,475.00,-764.04
31,23,FG_01,FG_01_2-3_2-30,100.78,1140.74,475.00,-665.74
31,24,FG_01,FG_01_2-3_2-30,97.19,1085.94,475.00,-610.94
32,1,FG_01,FG_01_2-3_2-30,96.40,1089.89,475.00,-614.89
32,2,FG_01,FG_01_2-3_2-30,92.36,1031.58,475.00,-556.58
32,3,FG_01,FG_01_2-3_2-30,88.71,997.61,475.00,-522.61
32,4,FG_01,FG_01_2-3_2-30,88.14,986.71,475.00,-511.71
32,5,FG_01,FG_01_2-3_2-30,90.15,1000.42,475.00,-525.42
32,6,FG_01,FG_01_2-3_2-30,92.89,1055.76,475.00,-580.76
32,7,FG_01,FG_01_2-3_2-30,99.64,1142.16,475.00,-667.16
32,8,FG_01,FG_01_2-3_2-30,102.97,1190.29,475.00,-715.29
32,9,FG_01,FG_01_2-3_2-30,99.98,1183.83,475.00,-708.83
32,10,FG_01,FG_01_2-3_2-30,100.90,1206.15,475.00,-731.15
32,11,FG_01,FG_01_2-3_2-30,100.97,1214.21,475.00,-739.21
32,12,FG_01,FG_01_2-3_2-30,100.61,1221.03,475.00,-746.03
32,13,FG_01,FG_01_2-3_2-30,102.23,1236.59,475.00,-761.59
32,14,FG_01,FG_01_2-3_2-30,107.26,1280.66,475.00,-805.66
32,15,FG_01,FG_01_2-3_2-30,104.21,1260.48,475.00,-785.48
32,16,FG_01,FG_01_2-3_2-30,107.08,1272.17,475.00,-797.17
32,17,FG_01,FG_01_2-3_2-30,117.44,1361.35,475.00,-886.35
32,18,FG_01,FG_01_2-3_2-30,126.62,1466.46,475.00,-991.46
32,19,FG_01,FG_01_2-3_2-30,129.09,1466.42,475.00,-991.42
32,20,FG_01,FG_01_2-3_2-30,124.05,1398.17,475.00,-923.17
32,21,FG_01,FG_01_2-3_2-30,118.66,1337.51,475.00,-862.51
32,22,FG_01,FG_01_2-3_2-30,108.73,1228.82,475.00,-753.82
32,23,FG_01,FG_01_2-3_2-30,100.63,1138.61,475.00,-663.61
32,24,FG_01,FG_01_2-3_2-30,96.54,1075.87,475.00,-600.87
33,1,FG_01,FG_01_2-3_2-30,96.57,1093.80,475.00,-618.80
33,2,FG_01,FG_01_2-3_2-30,92.55,1040.52,475.00,-565.52
33,3,FG_01,FG_01_2-3_2-30,88.80,1004.81,475.00,-529.81
33,4,FG_01,FG_01_2-3_2-30,87.93,983.42,475.00,-508.42
33,5,FG_01,FG_01_2-3_2-30,89.16,996.16,475.00,-521.16
33,6,FG_01,FG_01_2-3_2-30,93.33,1051.20,475.00,-576.20
33,7,FG_01,FG_01_2-3_2-30,100.06,1142.21,475.00,-667.21
33,8,FG_01,FG_01_2-3_2-30,105.04,1200.46,475.00,-725.46
33,9,FG_01,FG_01_2-3_2-30,101.68,1200.88,475.00,-725.88
33,10,FG_01,FG_01_2-3_2-30,100.71,1205.49,475.00,-730.49
33,11,FG_01,FG_01_2-3_2-30,100.24,1209.31,475.00,-734.31
33,12,FG_01,FG_01_2-3_2-30,100.17,1216.51,475.00,-741.51
33,13,FG_01,FG_01_2-3_2-30,100.68,1226.18,475.00,-751.18
33,14,FG_01,FG_01_2-3_2-30,105.36,1266.02,475.00,-791.02
33,15,FG_01,FG_01_2-3_2-30,104.71,1264.91,475.00,-789.91
33,16,FG_01,FG_01_2-3_2-30,112.00,1305.53,475.00,-830.53
33,17,FG_01,FG_01_2-3_2-30,117.30,1363.66,475.00,-888.66
33,18,FG_01,FG_01_2-3_2-30,128.05,1471.73,475.00,-996.73
33,19,FG_01,FG_01_2-3_2-30,129.07,1474.26,475.00,-999.26
33,20,FG_01,FG_01_2-3_2-30,124.50,1408.60,475.00,-933.60
33,21,FG_01,FG_01_2-3_2-30,118.26,1329.64,475.00,-854.64
33,22,FG_01,FG_01_2-3_2-30,109.88,1238.88,475.00,-763.88
33,23,FG_01,FG_01_2-3_2-30,100.44,1139.20,475.00,-664.20
33,24,FG_01,FG_01_2-3_2-30,96.02,1075.88,475.00,-600.88
34,1,FG_01,FG_01_2-3_2-30,96.91,1095.71,475.00,-620.71
34,2,FG_01,FG_01_2-3_2-30,92.60,1038.32,475.00,-563.32
34,3,FG_01,FG_01_2-3_2-30,87.97,994.46,475.00,-519.46
34,4,FG_01,FG_01_2-3_2-30,88.13,983.65,475.00,-508.65
34,5,FG_01,FG_01_2-3_2-30,90.26,1000.74,475.00,-525.74
34,6,FG_01,FG_01_2-3_2-30,92.94,1051.88,475.00,-576.88
34,7,FG_01,FG_01_2-3_2-30,100.18,1143.10,475.00,-668.10
34,8,FG_01,FG_01_2-3_2-30,102.53,1185.36,475.00,-710.36
34,9,FG_01,FG_01_2-3_2-30,102.66,1200.71,475.00,-725.71
34,10,FG_01,FG_01_2-3_2-30,98.54,1188.73,475.00,-713.73
34,11,FG_01,FG_01_2-3_2-30,99.96,1205.87,475.00,-730.87
34,12,FG_01,FG_01_2-3_2-30,101.03,1222.85,475.00,-747.85
34,13,FG_01,FG_01_2-3_2-30,100.45,1222.91,475.00,-747.91
34,14,FG_01,FG_01_2-3_2-30,106.95,1277.80,475.00,-802.80
34,15,FG_01,FG_01_2-3_2-30,103.23,1250.61,475.00,-775.61
34,16,FG_01,FG_01_2-3_2-30,108.79,1285.19,475.00,-810.19
34,17,FG_01,FG_01_2-3_2-30,119.64,1376.78,475.00,-901.78
34,18,FG_01,FG_01_2-3_2-30,128.53,1474.11,475.00,-999.11
34,19,FG_01,FG_01_2-3_2-30,129.71,1473.11,475.00,-998.11
34,20,FG_01,FG_01_2-3_2-30,123.43,1399.69,475.00,-924.69
34,21,FG_01,FG_01_2-3_2-30,117.80,1334.26,475.00,-859.26
34,22,FG_01,FG_01_2-3_2-30,109.37,1230.94,475.00,-755.94
34,23,FG_01,FG_01_2-3_2-30,101.09,1145.56,475.00,-670.56
34,24,FG_01,FG_01_2-3_2-30,96.38,1071.97,475.00,-596.97
35,1,FG_01,FG_01_2-3_2-30,96.29,1096.32,475.00,-621.32
35,2,FG_01,FG_01_2-3_2-30,92.30,1039.53,475.00,-564.53
35,3,FG_01,FG_01_2-3_2-30,87.78,994.64,475.00,-519.64
35,4,FG_01,FG_01_2-3_2-30,88.38,988.38,475.00,-513.38
35,5,FG_01,FG_01_2-3_2-30,89.65,1003.21,475.00,-528.21
35,6,FG_01,FG_01_2-3_2-30,92.89,1045.12,475.00,-570.12
35,7,FG_01,FG_01_2-3_2-30,100.22,1145.08,475.00,-670.08
35,8,FG_01,FG_01_2-3_2-30,103.31,1195.13,475.00,-720.13
35,9,FG_01,FG_01_2-3_2-30,103.15,1204.78,475.00,-729.78
35,10,FG_01,FG_01_2-3_2-30,100.18,1200.85,475.00,-725.85
35,11,FG_01,FG_01_2-3_2-30,99.35,1202.20,475.00,-727.20
35,12,FG_01,FG_01_2-3_2-30,100.49,1218.39,475.00,-743.39
35,13,FG_01,FG_01_2-3_2-30,102.46,1238.04,475.00,-763.04
35,14,FG_01,FG_01_2-3_2-30,106.37,1273.68,475.00,-798.68
35,15,FG_01,FG_01_2-3_2-30,106.81,1278.16,475.00,-803.16
35,16,FG_01,FG_01_2-3_2-30,110.07,1294.26,475.00,-819.26
35,17,FG_01,FG_01_2-3_2-30,117.64,1364.84,475.00,-889.84
35,18,FG_01,FG_01_2-3_2-30,127.51,1466.22,475.00,-991.22
35,19,FG_01,FG_01_2-3_2-30,128.59,1471.26,475.00,-996.26
35,20,FG_01,FG_01_2-3_2-30,123.58,1402.29,475.00,-927.29
35,21,FG_01,FG_01_2-3_2-30,117.79,1324.15,475.00,-849.15
35,22,FG_01,FG_01_2-3_2-30,108.94,1229.50,475.00,-754.50
35,23,FG_01,FG_01_2-3_2-30,101.05,1140.01,475.00,-665.01
35,24,FG_01,FG_01_2-3_2-30,96.57,1079.97,475.00,-604.97
36,1,FG_01,FG_01_2-3_2-30,96.51,1089.85,475.00,-614.85
36,2,FG_01,FG_01_2-3_2-30,92.76,1042.68,475.00,-567.68
36,3,FG_01,FG_01_2-3_2-30,88.87,999.64,475.00,-524.64
36,4,FG_01,FG_01_2-3_2-30,89.02,992.64,475.00,-517.64
36,5,FG_01,FG_01_2-3_2-30,89.64,1004.42,475.00,-529.42
36,6,FG_01,FG_01_2-3_2-30,92.81,1051.78,475.00,-576.78
36,7,FG_01,FG_01_2-3_2-30,99.80,1140.82,475.00,-665.82
36,8,FG_01,FG_01_2-3_2-30,103.94,1195.32,475.00,-720.32
36,9,FG_01,FG_01_2-3_2-30,99.73,1181.64,475.00,-706.64
36,10,FG_01,FG_01_2-3_2-30,103.88,1229.55,475.00,-754.55
36,11,FG_01,FG_01_2-3_2-30,98.87,1199.07,475.00,-724.07
36,12,FG_01,FG_01_2-3_2-30,102.18,1233.18,475.00,-758.18
36,13,FG_01,FG_01_2-3_2-30,100.35,1223.90,475.00,-748.90
36,14,FG_01,FG_01_2-3_2-30,103.50,1252.17,475.00,-777.17
36,15,FG_01,FG_01_2-3_2-30,109.22,1296.89,475.00,-821.89
36,16,FG_01,FG_01_2-3_2-30,111.50,1303.24,475.00,-828.24
36,17,FG_01,FG_01_2-3_2-30,118.29,1364.72,475.00,-889.72
36,18,FG_01,FG_01_2-3_2-30,127.88,1472.48,475.00,-997.48
36,19,FG_01,FG_01_2-3_2-30,129.00,1468.10,475.00,-993.10
36,20,FG_01,FG_01_2-3_2-30,122.44,1403.84,475.00,-928.84
36,21,FG_01,FG_01_2-3_2-30,118.52,1330.18,475.00,-855.18
36,22,FG_01,FG_01_2-3_2-30,108.74,1229.23,475.00,-754.23
36,23,FG_01,FG_01_2-3_2-30,100.58,1143.76,475.00,-668.76
36,24,FG_01,FG_01_2-3_2-30,96.78,1075.99,475.00,-600.99
37,1,FG_01,FG_01_2-3_2-30,96.06,1089.07,475.00,-614.07
37,2,FG_01,FG_01_2-3_2-30,92.65,1041.90,475.00,-566.90
37,3,FG_01,FG_01_2-3_2-30,88.61,999.63,475.00,-524.63
37,4,FG_01,FG_01_2-3_2-30,88.90,990.93,475.00,-515.93
37,5,FG_01,FG_01_2-3_2-30,90.23,1001.95,475.00,-526.95
37,6,FG_01,FG_01_2-3_2-30,92.64,1048.20,475.00,-573.20
37,7,FG_01,FG_01_2-3_2-30,99.71,1140.27,475.00,-665.27
37,8,FG_01,FG_01_2-3_2-30,104.34,1198.24,475.00,-723.24
37,9,FG_01,FG_01_2-3_2-30,100.70,1188.80,475.00,-713.80
37,10,FG_01,FG_01_2-3_2-30,102.55,1217.16,475.00,-742.16
37,11,FG_01,FG_01_2-3_2-30,99.89,1204.69,475.00,-729.69
37,12,FG_01,FG_01_2-3_2-30,102.76,1236.84,475.00,-761.84
37,13,FG_01,FG_01_2-3_2-30,103.53,1246.82,475.00,-771.82
37,14,FG_01,FG_01_2-3_2-30,109.98,1301.50,475.00,-826.50
37,15,FG_01,FG_01_2-3_2-30,104.35,1258.14,475.00,-783.14
37,16,FG_01,FG_01_2-3_2-30,112.71,1310.20,475.00,-835.20
37,17,FG_01,FG_01_2-3_2-30,118.07,1365.80,475.00,-890.80
37,18,FG_01,FG_01_2-3_2-30,127.23,1470.45,475.00,-995.45
37,19,FG_01,FG_01_2-3_2-30,128.92,1468.10,475.00,-993.10
37,20,FG_01,FG_01_2-3_2-30,123.35,1402.01,475.00,-927.01
37,21,FG_01,FG_01_2-3_2-30,118.15,1327.08,475.00,-852.08
37,22,FG_01,FG_01_2-3_2-30,109.41,1235.54,475.00,-760.54
37,23,FG_01,FG_01_2-3_2-30,101.32,1148.09,475.00,-673.09
37,24,FG_01,FG_01_2-3_2-30,96.71,1080.16,475.00,-605.16
38,1,FG_01,FG_01_2-3_2-30,96.25,1092.02,475.00,-617.02
38,2,FG_01,FG_01_2-3_2-30,92.00,1034.90,475.00,-559.90
38,3,FG_01,FG_01_2-3_2-30,88.41,995.22,475.00,-520.22
38,4,FG_01,FG_01_2-3_2-30,88.34,988.73,475.00,-513.73
38,5,FG_01,FG_01_2-3_2-30,89.48,999.15,475.00,-524.15
38,6,FG_01,FG_01_2-3_2-30,93.05,1053.16,475.00,-578.16
38,7,FG_01,FG_01_2-3_2-30,100.23,1147.74,475.00,-672.74
38,8,FG_01,FG_01_2-3_2-30,104.36,1197.28,475.00,-722.28
38,9,FG_01,FG_01_2-3_2-30,102.73,1203.12,475.00,-728.12
38,10,FG_01,FG_01_2-3_2-30,102.96,1219.98,475.00,-744.98
38,11,FG_01,FG_01_2-3_2-30,101.73,1218.45,475.00,-743.45
38,12,FG_01,FG_01_2-3_2-30,100.60,1219.94,475.00,-744.94
38,13,FG_01,FG_01_2-3_2-30,100.33,1222.84,475.00,-747.84
38,14,FG_01,FG_01_2-3_2-30,104.17,1255.52,475.00,-780.52
38,15,FG_01,FG_01_2-3_2-30,108.87,1292.12,475.00,-817.12
38,16,FG_01,FG_01_2-3_2-30,111.64,1302.80,475.00,-827.80
38,17,FG_01,FG_01_2-3_2-30,117.39,1359.21,475.00,-884.21
38,18,FG_01,FG_01_2-3_2-30,127.58,1469.90,475.00,-994.90
38,19,FG_01,FG_01_2-3_2-30,129.28,1466.98,475.00,-991.98
38,20,FG_01,FG_01_2-3_2-30,123.01,1403.32,475.00,-928.32
38,21,FG_01,FG_01_2-3_2-30,118.36,1328.87,475.00,-853.87
38,22,FG_01,FG_01_2-3_2-30,109.46,1232.95,475.00,-757.95
38,23,FG_01,FG_01_2-3_2-30,100.89,1140.75,475.00,-665.75
38,24,FG_01,FG_01_2-3_2-30,96.54,1073.35,475.00,-598.35
39,1,FG_01,FG_01_2-3_2-30,96.50,1087.73,475.00,-612.73
39,2,FG_01,FG_01_2-3_2-30,91.98,1037.94,475.00,-562.94
39,3,FG_01,FG_01_2-3_2-30,87.99,996.80,475.00,-521.80
39,4,FG_01,FG_01_2-3_2-30,88.51,994.58,475.00,-519.58
39,5,FG_01,FG_01_2-3_2-30,89.82,1001.55,475.00,-526.55
39,6,FG_01,FG_01_2-3_2-30,92.53,1048.06,475.00,-573.06
39,7,FG_01,FG_01_2-3_2-30,99.65,1142.34,475.00,-667.34
39,8,FG_01,FG_01_2-3_2-30,103.40,1189.83,475.00,-714.83
39,9,FG_01,FG_01_2-3_2-30,103.88,1210.85,475.00,-735.85
39,10,FG_01,FG_01_2-3_2-30,97.67,1178.84,475.00,-703.84
39,11,FG_01,FG_01_2-3_2-30,99.57,1204.30,475.00,-729.30
39,12,FG_01,FG_01_2-3_2-30,105.81,1261.19,475.00,-786.19
39,13,FG_01,FG_01_2-3_2-30,104.20,1253.65,475.00,-778.65
39,14,FG_01,FG_01_2-3_2-30,108.92,1292.30,475.00,-817.30
39,15,FG_01,FG_01_2-3_2-30,106.17,1274.74,475.00,-799.74
39,16,FG_01,FG_01_2-3_2-30,110.21,1292.72,475.00,-817.72
39,17,FG_01,FG_01_2-3_2-30,118.99,1371.20,475.00,-896.20
39,18,FG_01,FG_01_2-3_2-30,127.22,1467.90,475.00,-992.90
39,19,FG_01,FG_01_2-3_2-30,128.70,1470.63,475.00,-995.63
39,20,FG_01,FG_01_2-3_2-30,124.38,1405.42,475.00,-930.42
39,21,FG_01,FG_01_2-3_2-30,117.74,1327.82,475.00,-852.82
39,22,FG_01,FG_01_2-3_2-30,109.87,1232.60,475.00,-757.60
39,23,FG_01,FG_01_2-3_2-30,101.34,1140.98,475.00,-665.98
39,24,FG_01,FG_01_2-3_2-30,97.16,1088.95,475.00,-613.95
40,1,FG_01,FG_01_2-3_2-30,96.66,1094.29,475.00,-619.29
40,2,FG_01,FG_01_2-3_2-30,92.19,1040.08,475.00,-565.08
40,3,FG_01,FG_01_2-3_2-30,88.50,1004.17,475.00,-529.17
40,4,FG_01,FG_01_2-3_2-30,88.63,991.35,475.00,-516.35
40,5,FG_01,FG_01_2-3_2-30,89.96,1004.59,475.00,-529.59
40,6,FG_01,FG_01_2-3_2-30,92.78,1049.28,475.00,-574.28
40,7,FG_01,FG_01_2-3_2-30,99.82,1144.30,475.00,-669.30
40,8,FG_01,FG_01_2-3_2-30,103.07,1191.37,475.00,-716.37
40,9,FG_01,FG_01_2-3_2-30,100.66,1192.50,475.00,-717.50
40,10,FG_01,FG_01_2-3_2-30,99.02,1190.18,475.00,-715.18
40,11,FG_01,FG_01_2-3_2-30,102.50,1225.43,475.00,-750.43
40,12,FG_01,FG_01_2-3_2-30,101.55,1226.74,475.00,-751.74
40,13,FG_01,FG_01_2-3_2-30,100.53,1223.34,475.00,-748.34
40,14,FG_01,FG_01_2-3_2-30,107.23,1278.65,475.00,-803.65
40,15,FG_01,FG_01_2-3_2-30,107.02,1278.98,475.00,-803.98
40,16,FG_01,FG_01_2-3_2-30,111.88,1307.17,475.00,-832.17
40,17,FG_01,FG_01_2-3_2-30,117.32,1362.19,475.00,-887.19
40,18,FG_01,FG_01_2-3_2-30,126.70,1463.75,475.00,-988.75
40,19,FG_01,FG_01_2-3_2-30,128.60,1468.57,475.00,-993.57
40,20,FG_01,FG_01_2-3_2-30,124.43,1402.84,475.00,-927.84
40,21,FG_01,FG_01_2-3_2-30,117.95,1329.33,475.00,-854.33
40,22,FG_01,FG_01_2-3_2-30,108.89,1229.33,475.00,-754.33
40,23,FG_01,FG_01_2-3_2-30,101.07,1143.91,475.00,-668.91
40,24,FG_01,FG_01_2-3_2-30,97.03,1084.32,475.00,-609.32
41,1,FG_01,FG_01_2-3_2-30,96.12,1090.16,475.00,-615.16
41,2,FG_01,FG_01_2-3_2-30,92.46,1040.07,475.00,-565.07
41,3,FG_01,FG_01_2-3_2-30,88.11,994.92,475.00,-519.92
41,4,FG_01,FG_01_2-3_2-30,88.54,991.19,475.00,-516.19
41,5,FG_01,FG_01_2-3_2-30,89.51,1001.67,475.00,-526.67
41,6,FG_01,FG_01_2-3_2-30,93.47,1057.83,475.00,-582.83
41,7,FG_01,FG_01_2-3_2-30,99.77,1142.31,475.00,-667.31
41,8,FG_01,FG_01_2-3_2-30,103.45,1193.19,475.00,-718.19
41,9,FG_01,FG_01_2-3_2-30,100.71,1189.89,475.00,-714.89
41,10,FG_01,FG_01_2-3_2-30,102.32,1215.73,475.00,-740.73
41,11,FG_01,FG_01_2-3_2-30,99.96,1207.93,475.00,-732.93
41,12,FG_01,FG_01_2-3_2-30,100.13,1217.25,475.00,-742.25
41,13,FG_01,FG_01_2-3_2-30,100.78,1222.61,475.00,-747.61
41,14,FG_01,FG_01_2-3_2-30,103.97,1253.14,475.00,-778.14
41,15,FG_01,FG_01_2-3_2-30,106.52,1276.02,475.00,-801.02
41,16,FG_01,FG_01_2-3_2-30,112.35,1308.92,475.00,-833.92
41,17,FG_01,FG_01_2-3_2-30,118.19,1366.46,475.00,-891.46
41,18,FG_01,FG_01_2-3_2-30,128.47,1475.45,475.00,-1000.45
41,19,FG_01,FG_01_2-3_2-30,128.80,1466.23,475.00,-991.23
41,20,FG_01,FG_01_2-3_2-30,122.95,1404.48,475.00,-929.48
41,21,FG_01,FG_01_2-3_2-30,118.06,1326.38,475.00,-851.38
41,22,FG_01,FG_01_2-3_2-30,108.46,1230.45,475.00,-755.45
41,23,FG_01,FG_01_2-3_2-30,100.87,1140.17,475.00,-665.17
41,24,FG_01,FG_01_2-3_2-30,96.32,1078.73,475.00,-603.73
42,1,FG_01,FG_01_2-3_2-30,95.88,1090.23,475.00,-615.23
42,2,FG_01,FG_01_2-3_2-30,92.78,1040.92,475.00,-565.92
42,3,FG_01,FG_01_2-3_2-30,87.99,999.83,475.00,-524.83
42,4,FG_01,FG_01_2-3_2-30,89.14,987.23,475.00,-512.23
42,5,FG_01,FG_01_2-3_2-30,89.81,1003.76,475.00,-528.76
42,6,FG_01,FG_01_2-3_2-30,92.92,1053.25,475.00,-578.25
42,7,FG_01,FG_01_2-3_2-30,99.89,1141.09,475.00,-666.09
42,8,FG_01,FG_01_2-3_2-30,104.02,1195.81,475.00,-720.81
42,9,FG_01,FG_01_2-3_2-30,101.06,1193.91,475.00,-718.91
42,10,FG_01,FG_01_2-3_2-30,101.63,1211.44,475.00,-736.44
42,11,FG_01,FG_01_2-3_2-30,99.33,1202.89,475.00,-727.89
42,12,FG_01,FG_01_2-3_2-30,101.04,1222.04,475.00,-747.04
42,13,FG_01,FG_01_2-3_2-30,102.69,1239.54,475.00,-764.54
42,14,FG_01,FG_01_2-3_2-30,105.65,1267.57,475.00,-792.57
42,15,FG_01,FG_01_2-3_2-30,105.16,1266.28,475.00,-791.28
42,16,FG_01,FG_01_2-3_2-30,112.75,1312.82,475.00,-837.82
42,17,FG_01,FG_01_2-3_2-30,116.30,1354.67,475.00,-879.67
42,18,FG_01,FG_01_2-3_2-30,128.38,1468.51,475.00,-993.51
42,19,FG_01,FG_01_2-3_2-30,128.59,1469.80,475.00,-994.80
42,20,FG_01,FG_01_2-3_2-30,124.10,1405.45,475.00,-930.45
42,21,FG_01,FG_01_2-3_2-30,118.73,1338.17,475.00,-863.17
42,22,FG_01,FG_01_2-3_2-30,108.70,1231.80,475.00,-756.80
42,23,FG_01,FG_01_2-3_2-30,100.50,1138.70,475.00,-663.70
42,24,FG_01,FG_01_2-3_2-30,96.61,1081.64,475.00,-606.64
43,1,FG_01,FG_01_2-3_2-30,96.99,1097.16,475.00,-622.16
43,2,FG_01,FG_01_2-3_2-30,92.48,1042.00,475.00,-567.00
43,3,FG_01,FG_01_2-3_2-30,87.92,999.38,475.00,-524.38
43,4,FG_01,FG_01_2-3_2-30,88.28,985.90,475.00,-510.90
43,5,FG_01,FG_01_2-3_2-30,89.62,998.51,475.00,-523.51
43,6,FG_01,FG_01_2-3_2-30,93.17,1057.07,475.00,-582.07
43,7,FG_01,FG_01_2-3_2-30,100.16,1142.55,475.00,-667.55
43,8,FG_01,FG_01_2-3_2-30,103.23,1192.17,475.00,-717.17
43,9,FG_01,FG_01_2-3_2-30,102.91,1206.39,475.00,-731.39
43,10,FG_01,FG_01_2-3_2-30,99.44,1195.28,475.00,-720.28
43,11,FG_01,FG_01_2-3_2-30,99.31,1200.80,475.00,-725.80
43,12,FG_01,FG_01_2-3_2-30,104.11,1243.45,475.00,-768.45
43,13,FG_01,FG_01_2-3_2-30,100.58,1223.05,475.00,-748.05
43,14,FG_01,FG_01_2-3_2-30,107.65,1283.22,475.00,-808.22
43,15,FG_01,FG_01_2-3_2-30,103.15,1250.83,475.00,-775.83
43,16,FG_01,FG_01_2-3_2-30,108.61,1285.40,475.00,-810.40
43,17,FG_01,FG_01_2-3_2-30,117.51,1360.56,475.00,-885.56
43,18,FG_01,FG_01_2-3_2-30,127.61,1469.96,475.00,-994.96
43,19,FG_01,FG_01_2-3_2-30,129.08,1472.37,475.00,-997.37
43,20,FG_01,FG_01_2-3_2-30,124.59,1406.77,475.00,-931.77
43,21,FG_01,FG_01_2-3_2-30,118.71,1334.18,475.00,-859.18
43,22,FG_01,FG_01_2-3_2-30,109.05,1230.11,475.00,-755.11
43,23,FG_01,FG_01_2-3_2-30,100.33,1142.03,475.00,-667.03
43,24,FG_01,FG_01_2-3_2-30,96.80,1078.56,475.00,-603.56
44,1,FG_01,FG_01_2-3_2-30,96.07,1089.22,475.00,-614.22
44,2,FG_01,FG_01_2-3_2-30,92.20,1034.68,475.00,-559.68
44,3,FG_01,FG_01_2-3_2-30,88.42,1001.35,475.00,-526.35
44,4,FG_01,FG_01_2-3_2-30,88.72,989.52,475.00,-514.52
44,5,FG_01,FG_01_2-3_2-30,89.97,1003.93,475.00,-528.93
44,6,FG_01,FG_01_2-3_2-30,91.99,1044.35,475.00,-569.35
44,7,FG_01,FG_01_2-3_2-30,100.15,1148.00,475.00,-673.00
44,8,FG_01,FG_01_2-3_2-30,102.69,1187.36,475.00,-712.36
44,9,FG_01,FG_01_2-3_2-30,102.86,1204.69,475.00,-729.69
44,10,FG_01,FG_01_2-3_2-30,100.19,1201.71,475.00,-726.71
44,11,FG_01,FG_01_2-3_2-30,102.41,1223.67,475.00,-748.67
44,12,FG_01,FG_01_2-3_2-30,99.63,1213.58,475.00,-738.58
44,13,FG_01,FG_01_2-3_2-30,101.35,1229.94,475.00,-754.94
44,14,FG_01,FG_01_2-3_2-30,103.60,1253.21,475.00,-778.21
44,15,FG_01,FG_01_2-3_2-30,107.68,1285.87,475.00,-810.87
44,16,FG_01,FG_01_2-3_2-30,111.43,1303.53,475.00,-828.53
44,17,FG_01,FG_01_2-3_2-30,118.85,1369.83,475.00,-894.83
44,18,FG_01,FG_01_2-3_2-30,127.78,1469.69,475.00,-994.69
44,19,FG_01,FG_01_2-3_2-30,128.83,1473.23,475.00,-998.23
44,20,FG_01,FG_01_2-3_2-30,123.39,1402.28,475.00,-927.28
44,21,FG_01,FG_01_2-3_2-30,118.03,1326.13,475.00,-851.13
44,22,FG_01,FG_01_2-3_2-30,109.42,1231.12,475.00,-756.12
44,23,FG_01,FG_01_2-3_2-30,101.32,1147.67,475.00,-672.67
44,24,FG_01,FG_01_2-3_2-30,96.08,1073.72,475.00,-598.72
45,1,FG_01,FG_01_2-3_2-30,95.17,1092.17,475.00,-617.17
45,2,FG_01,FG_01_2-3_2-30,92.14,1034.95,475.00,-559.95
45,3,FG_01,FG_01_2-3_2-30,88.23,1005.54,475.00,-530.54
45,4,FG_01,FG_01_2-3_2-30,88.33,985.12,475.00,-510.12
45,5,FG_01,FG_01_2-3_2-30,89.03,1003.09,475.00,-528.09
45,6,FG_01,FG_01_2-3_2-30,92.52,1048.14,475.00,-573.14
45,7,FG_01,FG_01_2-3_2-30,100.32,1145.25,475.00,-670.25
45,8,FG_01,FG_01_2-3_2-30,104.70,1199.76,475.00,-724.76
45,9,FG_01,FG_01_2-3_2-30,101.25,1193.33,475.00,-718.33
45,10,FG_01,FG_01_2-3_2-30,101.98,1212.75,475.00,-737.75
45,11,FG_01,FG_01_2-3_2-30,98.90,1198.29,475.00,-723.29
45,12,FG_01,FG_01_2-3_2-30,101.30,1226.59,475.00,-751.59
45,13,FG_01,FG_01_2-3_2-30,101.74,1233.62,475.00,-758.62
45,14,FG_01,FG_01_2-3_2-30,106.00,1269.81,475.00,-794.81
45,15,FG_01,FG_01_2-3_2-30,102.42,1246.53,475.00,-771.53
45,16,FG_01,FG_01_2-3_2-30,113.57,1321.09,475.00,-846.09
45,17,FG_01,FG_01_2-3_2-30,119.12,1374.58,475.00,-899.58
45,18,FG_01,FG_01_2-3_2-30,127.40,1467.93,475.00,-992.93
45,19,FG_01,FG_01_2-3_2-30,129.14,1474.77,475.00,-999.77
45,20,FG_01,FG_01_2-3_2-30,124.00,1401.24,475.00,-926.24
45,21,FG_01,FG_01_2-3_2-30,118.15,1330.83,475.00,-855.83
45,22,FG_01,FG_01_2-3_2-30,109.34,1230.84,475.00,-755.84
45,23,FG_01,FG_01_2-3_2-30,100.58,1139.12,475.00,-664.12
45,24,FG_01,FG_01_2-3_2-30,96.55,1076.71,475.00,-601.71
46,1,FG_01,FG_01_2-3_2-30,96.19,1092.37,475.00,-617.37
46,2,FG_01,FG_01_2-3_2-30,91.89,1036.13,475.00,-561.13
46,3,FG_01,FG_01_2-3_2-30,88.82,1004.80,475.00,-529.80
46,4,FG_01,FG_01_2-3_2-30,88.58,997.09,475.00,-522.09
46,5,FG_01,FG_01_2-3_2-30,90.27,1003.22,475.00,-528.22
46,6,FG_01,FG_01_2-3_2-30,93.23,1055.26,475.00,-580.26
46,7,FG_01,FG_01_2-3_2-30,99.66,1138.36,475.00,-663.36
46,8,FG_01,FG_01_2-3_2-30,103.92,1194.42,475.00,-719.42
46,9,FG_01,FG_01_2-3_2-30,101.91,1198.79,475.00,-723.79
46,10,FG_01,FG_01_2-3_2-30,100.68,1200.65,475.00,-725.65
46,11,FG_01,FG_01_2-3_2-30,102.38,1225.75,475.00,-750.75
46,12,FG_01,FG_01_2-3_2-30,103.32,1241.63,475.00,-766.63
46,13,FG_01,FG_01_2-3_2-30,100.83,1224.53,475.00,-749.53
46,14,FG_01,FG_01_2-3_2-30,107.24,1279.72,475.00,-804.72
46,15,FG_01,FG_01_2-3_2-30,103.77,1258.77,475.00,-783.77
46,16,FG_01,FG_01_2-3_2-30,110.70,1297.44,475.00,-822.44
46,17,FG_01,FG_01_2-3_2-30,117.39,1363.16,475.00,-888.16
46,18,FG_01,FG_01_2-3_2-30,127.44,1469.25,475.00,-994.25
46,19,FG_01,FG_01_2-3_2-30,129.10,1468.45,475.00,-993.45
46,20,FG_01,FG_01_2-3_2-30,124.40,1403.50,475.00,-928.50
46,21,FG_01,FG_01_2-3_2-30,117.92,1325.80,475.00,-850.80
46,22,FG_01,FG_01_2-3_2-30,109.18,1232.17,475.00,-757.17
46,23,FG_01,FG_01_2-3_2-30,101.50,1145.78,475.00,-670.78
46,24,FG_01,FG_01_2-3_2-30,96.97,1082.25,475.00,-607.25
47,1,FG_01,FG_01_2-3_2-30,95.93,1092.79,475.00,-617.79
47,2,FG_01,FG_01_2-3_2-30,93.30,1048.87,475.00,-573.87
47,3,FG_01,FG_01_2-3_2-30,87.82,998.46,475.00,-523.46
47,4,FG_01,FG_01_2-3_2-30,88.16,983.48,475.00,-508.48
47,5,FG_01,FG_01_2-3_2-30,90.10,1007.84,475.00,-532.84
47,6,FG_01,FG_01_2-3_2-30,93.13,1053.02,475.00,-578.02
47,7,FG_01,FG_01_2-3_2-30,99.42,1144.65,475.00,-669.65
47,8,FG_01,FG_01_2-3_2-30,104.41,1196.76,475.00,-721.76
47,9,FG_01,FG_01_2-3_2-30,102.31,1203.31,475.00,-728.31
47,10,FG_01,FG_01_2-3_2-30,101.14,1208.56,475.00,-733.56
47,11,FG_01,FG_01_2-3_2-30,99.20,1198.59,475.00,-723.59
47,12,FG_01,FG_01_2-3_2-30,102.59,1236.21,475.00,-761.21
47,13,FG_01,FG_01_2-3_2-30,100.31,1222.11,475.00,-747.11
47,14,FG_01,FG_01_2-3_2-30,105.26,1265.26,475.00,-790.26
47,15,FG_01,FG_01_2-3_2-30,103.17,1252.53,475.00,-777.53
47,16,FG_01,FG_01_2-3_2-30,110.18,1295.22,475.00,-820.22
47,17,FG_01,FG_01_2-3_2-30,118.33,1366.03,475.00,-891.03
47,18,FG_01,FG_01_2-3_2-30,127.11,1467.04,475.00,-992.04
47,19,FG_01,FG_01_2-3_2-30,128.79,1465.28,475.00,-990.28
47,20,FG_01,FG_01_2-3_2-30,123.54,1405.40,475.00,-930.40
47,21,FG_01,FG_01_2-3_2-30,118.16,1333.66,475.00,-858.66
47,22,FG_01,FG_01_2-3_2-30,108.77,1234.95,475.00,-759.95
47,23,FG_01,FG_01_2-3_2-30,100.82,1146.39,475.00,-671.39
47,24,FG_01,FG_01_2-3_2-30,97.17,1081.53,475.00,-606.53
48,1,FG_01,FG_01_2-3_2-30,96.74,1080.52,475.00,-605.52
48,2,FG_01,FG_01_2-3_2-30,91.59,1029.02,475.00,-554.02
48,3,FG_01,FG_01_2-3_2-30,88.04,993.25,475.00,-518.25
48,4,FG_01,FG_01_2-3_2-30,88.86,993.63,475.00,-518.63
48,5,FG_01,FG_01_2-3_2-30,89.68,1004.75,475.00,-529.75
48,6,FG_01,FG_01_2-3_2-30,93.00,1059.36,475.00,-584.36
48,7,FG_01,FG_01_2-3_2-30,99.80,1143.17,475.00,-668.17
48,8,FG_01,FG_01_2-3_2-30,103.60,1192.40,475.00,-717.40
48,9,FG_01,FG_01_2-3_2-30,101.96,1198.92,475.00,-723.92
48,10,FG_01,FG_01_2-3_2-30,100.59,1204.62,475.00,-729.62
48,11,FG_01,FG_01_2-3_2-30,101.41,1216.04,475.00,-741.04
48,12,FG_01,FG_01_2-3_2-30,100.11,1216.73,475.00,-741.73
48,13,FG_01,FG_01_2-3_2-30,100.74,1225.11,475.00,-750.11
48,14,FG_01,FG_01_2-3_2-30,106.50,1274.81,475.00,-799.81
48,15,FG_01,FG_01_2-3_2-30,104.25,1258.24,475.00,-783.24
48,16,FG_01,FG_01_2-3_2-30,111.40,1302.40,475.00,-827.40
48,17,FG_01,FG_01_2-3_2-30,119.04,1371.96,475.00,-896.96
48,18,FG_01,FG_01_2-3_2-30,127.35,1467.36,475.00,-992.36
48,19,FG_01,FG_01_2-3_2-30,128.25,1474.33,475.00,-999.33
48,20,FG_01,FG_01_2-3_2-30,123.92,1401.32,475.00,-926.32
48,21,FG_01,FG_01_2-3_2-30,118.08,1328.62,475.00,-853.62
48,22,FG_01,FG_01_2-3_2-30,108.86,1235.78,475.00,-760.78
48,23,FG_01,FG_01_2-3_2-30,101.11,1140.28,475.00,-665.28
48,24,FG_01,FG_01_2-3_2-30,96.90,1078.35,475.00,-603.35
49,1,FG_01,FG_01_2-3_2-30,95.85,1086.61,475.00,-611.61
49,2,FG_01,FG_01_2-3_2-30,92.28,1036.48,475.00,-561.48
49,3,FG_01,FG_01_2-3_2-30,88.61,1003.19,475.00,-528.19
49,4,FG_01,FG_01_2-3_2-30,89.38,1000.53,475.00,-525.53
49,5,FG_01,FG_01_2-3_2-30,89.83,1000.84,475.00,-525.84
49,6,FG_01,FG_01_2-3_2-30,93.04,1056.84,475.00,-581.84
49,7,FG_01,FG_01_2-3_2-30,100.06,1139.22,475.00,-664.22
49,8,FG_01,FG_01_2-3_2-30,103.13,1190.70,475.00,-715.70
49,9,FG_01,FG_01_2-3_2-30,101.49,1195.94,475.00,-720.94
49,10,FG_01,FG_01_2-3_2-30,102.39,1217.98,475.00,-742.98
49,11,FG_01,FG_01_2-3_2-30,98.10,1193.83,475.00,-718.83
49,12,FG_01,FG_01_2-3_2-30,104.43,1249.65,475.00,-774.65
49,13,FG_01,FG_01_2-3_2-30,100.60,1223.28,475.00,-748.28
49,14,FG_01,FG_01_2-3_2-30,106.44,1276.58,475.00,-801.58
49,15,FG_01,FG_01_2-3_2-30,107.58,1286.87,475.00,-811.87
49,16,FG_01,FG_01_2-3_2-30,109.96,1291.59,475.00,-816.59
49,17,FG_01,FG_01_2-3_2-30,117.43,1360.04,475.00,-885.04
49,18,FG_01,FG_01_2-3_2-30,129.18,1475.32,475.00,-1000.32
49,19,FG_01,FG_01_2-3_2-30,129.06,1468.92,475.00,-993.92
49,20,FG_01,FG_01_2-3_2-30,124.36,1401.12,475.00,-926.12
49,21,FG_01,FG_01_2-3_2-30,118.30,1334.19,475.00,-859.19
49,22,FG_01,FG_01_2-3_2-30,108.64,1228.50,475.00,-753.50
49,23,FG_01,FG_01_2-3_2-30,101.26,1140.70,475.00,-665.70
49,24,FG_01,FG_01_2-3_2-30,96.09,1079.25,475.00,-604.25
50,1,FG_01,FG_01_2-3_2-30,96.67,1090.53,475.00,-615.53
50,2,FG_01,FG_01_2-3_2-30,92.20,1034.80,475.00,-559.80
50,3,FG_01,FG_01_2-3_2-30,88.12,996.27,475.00,-521.27
50,4,FG_01,FG_01_2-3_2-30,88.33,988.63,475.00,-513.63
50,5,FG_01,FG_01_2-3_2-30,90.00,1003.14,475.00,-528.14
50,6,FG_01,FG_01_2-3_2-30,92.88,1054.44,475.00,-579.44
50,7,FG_01,FG_01_2-3_2-30,99.83,1144.35,475.00,-669.35
50,8,FG_01,FG_01_2-3_2-30,104.72,1200.60,475.00,-725.60
50,9,FG_01,FG_01_2-3_2-30,100.72,1188.82,475.00,-713.82
50,10,FG_01,FG_01_2-3_2-30,102.64,1220.72,475.00,-745.72
50,11,FG_01,FG_01_2-3_2-30,99.77,1205.03,475.00,-730.03
50,12,FG_01,FG_01_2-3_2-30,106.39,1266.07,475.00,-791.07
50,13,FG_01,FG_01_2-3_2-30,100.53,1223.87,475.00,-748.87
50,14,FG_01,FG_01_2-3_2-30,108.50,1290.00,475.00,-815.00
50,15,FG_01,FG_01_2-3_2-30,105.25,1267.50,475.00,-792.50
50,16,FG_01,FG_01_2-3_2-30,109.34,1286.85,475.00,-811.85
50,17,FG_01,FG_01_2-3_2-30,117.83,1366.74,475.00,-891.74
50,18,FG_01,FG_01_2-3_2-30,127.81,1470.14,475.00,-995.14
50,19,FG_01,FG_01_2-3_2-30,128.80,1470.68,475.00,-995.68
50,20,FG_01,FG_01_2-3_2-30,123.59,1405.44,475.00,-930.44
50,21,FG_01,FG_01_2-3_2-30,118.33,1328.62,475.00,-853.62
50,22,FG_01,FG_01_2-3_2-30,109.54,1231.51,475.00,-756.51
50,23,FG_01,FG_01_2-3_2-30,101.84,1150.01,475.00,-675.01
50,24,FG_01,FG_01_2-3_2-30,96.33,1081.93,475.00,-606.93
