scenario,hour,br_1_2,br_2_3,br_2_30
0,1,0.000000,-26.727833,3.017442
0,2,0.000000,-26.727833,3.017442
0,3,0.000000,-26.727833,3.017442
0,4,0.000000,-26.727833,3.017442
0,5,0.000000,-26.727833,3.017442
0,6,0.000000,-26.727833,3.017442
0,7,0.000000,-26.727833,3.017442
0,8,42.195784,-19.798763,3.103951
0,9,42.195784,-19.798763,3.103951
0,10,42.195784,-19.798763,3.103951
0,11,42.195784,-19.798763,3.103951
0,12,30.780087,-48.401196,1.097989
0,13,30.780087,-48.401196,1.097989
0,14,30.780087,-48.401196,1.097989
0,15,30.780087,-48.401196,1.097989
0,16,30.780087,-48.401196,1.097989
0,17,30.780087,-48.401196,1.097989
0,18,30.780087,-48.401196,1.097989
0,19,30.780087,-48.401196,1.097989
0,20,30.780087,-48.401196,1.097989
0,21,30.780087,-48.401196,1.097989
0,22,42.195784,-19.798763,3.103951
0,23,0.000000,-26.727833,3.017442
0,24,0.000000,-26.727833,3.017442
1,1,0.000000,-26.727833,3.017442
1,2,0.000000,-26.727833,3.017442
1,3,0.000000,0.000000,5.000000
1,4,0.000000,0.000000,5.000000
1,5,0.000000,0.000000,5.000000
1,6,0.000000,-26.727833,3.017442
1,7,0.000000,-26.727833,3.017442
1,8,0.000000,-26.727833,3.017442
1,9,42.195784,-19.798763,3.103951
1,10,42.195784,-19.798763,3.103951
1,11,42.195784,-19.798763,3.103951
1,12,42.195784,-19.798763,3.103951
1,13,42.195784,-19.798763,3.103951
1,14,42.195784,-19.798763,3.103951
1,15,42.195784,-19.798763,3.103951
1,16,42.195784,-19.798763,3.103951
1,17,42.195784,-19.798763,3.103951
1,18,30.780087,-48.401196,1.097989
1,19,30.780087,-48.401196,1.097989
1,20,30.780087,-48.401196,1.097989
1,21,42.195784,-19.798763,3.103951
1,22,42.195784,-19.798763,3.103951
1,23,0.000000,-26.727833,3.017442
1,24,0.000000,-26.727833,3.017442
2,1,0.000000,-26.727833,3.017442
2,2,0.000000,-26.727833,3.017442
2,3,0.000000,0.000000,5.000000
2,4,0.000000,0.000000,5.000000
2,5,0.000000,0.000000,5.000000
2,6,0.000000,-26.727833,3.017442
2,7,0.000000,-26.727833,3.017442
2,8,0.000000,-26.727833,3.017442
2,9,42.195784,-19.798763,3.103951
2,10,42.195784,-19.798763,3.103951
2,11,42.195784,-19.798763,3.103951
2,12,42.195784,-19.798763,3.103951
2,13,42.195784,-19.798763,3.103951
2,14,42.195784,-19.798763,3.103951
2,15,42.195784,-19.798763,3.103951
2,16,42.195784,-19.798763,3.103951
2,17,42.195784,-19.798763,3.103951
2,18,30.780087,-48.401196,1.097989
2,19,30.780087,-48.401196,1.097989
2,20,30.780087,-48.401196,1.097989
2,21,42.195784,-19.798763,3.103951
2,22,42.195784,-19.798763,3.103951
2,23,0.000000,-26.727833,3.017442
2,24,0.000000,-26.727833,3.017442
3,1,0.000000,-26.727833,3.017442
3,2,0.000000,-26.727833,3.017442
3,3,0.000000,0.000000,5.000000
3,4,0.000000,0.000000,5.000000
3,5,0.000000,0.000000,5.000000
3,6,0.000000,-26.727833,3.017442
3,7,0.000000,-26.727833,3.017442
3,8,0.000000,-26.727833,3.017442
3,9,42.195784,-19.798763,3.103951
3,10,42.195784,-19.798763,3.103951
3,11,42.195784,-19.798763,3.103951
3,12,42.195784,-19.798763,3.103951
3,13,42.195784,-19.798763,3.103951
3,14,42.195784,-19.798763,3.103951
3,15,42.195784,-19.798763,3.103951
3,16,42.195784,-19.798763,3.103951
3,17,42.195784,-19.798763,3.103951
3,18,30.780087,-48.401196,1.097989
3,19,30.780087,-48.401196,1.097989
3,20,30.780087,-48.401196,1.097989
3,21,42.195784,-19.798763,3.103951
3,22,42.195784,-19.798763,3.103951
3,23,0.000000,-26.727833,3.017442
3,24,0.000000,-26.727833,3.017442
4,1,0.000000,-26.727833,3.017442
4,2,0.000000,-26.727833,3.017442
4,3,0.000000,0.000000,5.000000
4,4,0.000000,0.000000,5.000000
4,5,0.000000,0.000000,5.000000
4,6,0.000000,-26.727833,3.017442
4,7,0.000000,-26.727833,3.017442
4,8,0.000000,-26.727833,3.017442
4,9,42.195784,-19.798763,3.103951
4,10,42.195784,-19.798763,3.103951
4,11,42.195784,-19.798763,3.103951
4,12,42.195784,-19.798763,3.103951
4,13,42.195784,-19.798763,3.103951
4,14,42.195784,-19.798763,3.103951
4,15,42.195784,-19.798763,3.103951
4,16,42.195784,-19.798763,3.103951
4,17,42.195784,-19.798763,3.103951
4,18,30.780087,-48.401196,1.097989
4,19,30.780087,-48.401196,1.097989
4,20,30.780087,-48.401196,1.097989
4,21,42.195784,-19.798763,3.103951
4,22,42.195784,-19.798763,3.103951
4,23,0.000000,-26.727833,3.017442
4,24,0.000000,-26.727833,3.017442
5,1,0.000000,-26.727833,3.017442
5,2,0.000000,-26.727833,3.017442
5,3,0.000000,0.000000,5.000000
5,4,0.000000,0.000000,5.000000
5,5,0.000000,0.000000,5.000000
5,6,0.000000,-26.727833,3.017442
5,7,0.000000,-26.727833,3.017442
5,8,0.000000,-26.727833,3.017442
5,9,42.195784,-19.798763,3.103951
5,10,42.195784,-19.798763,3.103951
5,11,42.195784,-19.798763,3.103951
5,12,42.195784,-19.798763,3.103951
5,13,42.195784,-19.798763,3.103951
5,14,42.195784,-19.798763,3.103951
5,15,42.195784,-19.798763,3.103951
5,16,42.195784,-19.798763,3.103951
5,17,42.195784,-19.798763,3.103951
5,18,30.780087,-48.401196,1.097989
5,19,30.780087,-48.401196,1.097989
5,20,30.780087,-48.401196,1.097989
5,21,42.195784,-19.798763,3.103951
5,22,42.195784,-19.798763,3.103951
5,23,0.000000,-26.727833,3.017442
5,24,0.000000,-26.727833,3.017442
6,1,0.000000,-26.727833,3.017442
6,2,0.000000,-26.727833,3.017442
6,3,0.000000,0.000000,5.000000
6,4,0.000000,0.000000,5.000000
6,5,0.000000,0.000000,5.000000
6,6,0.000000,-26.727833,3.017442
6,7,0.000000,-26.727833,3.017442
6,8,0.000000,-26.727833,3.017442
6,9,42.195784,-19.798763,3.103951
6,10,42.195784,-19.798763,3.103951
6,11,42.195784,-19.798763,3.103951
6,12,42.195784,-19.798763,3.103951
6,13,42.195784,-19.798763,3.103951
6,14,42.195784,-19.798763,3.103951
6,15,42.195784,-19.798763,3.103951
6,16,42.195784,-19.798763,3.103951
6,17,42.195784,-19.798763,3.103951
6,18,30.780087,-48.401196,1.097989
6,19,30.780087,-48.401196,1.097989
6,20,30.780087,-48.401196,1.097989
6,21,42.195784,-19.798763,3.103951
6,22,42.195784,-19.798763,3.103951
6,23,0.000000,-26.727833,3.017442
6,24,0.000000,-26.727833,3.017442
7,1,0.000000,-26.727833,3.017442
7,2,0.000000,-26.727833,3.017442
7,3,0.000000,0.000000,5.000000
7,4,0.000000,0.000000,5.000000
7,5,0.000000,-26.727833,3.017442
7,6,0.000000,-26.727833,3.017442
7,7,0.000000,-26.727833,3.017442
7,8,0.000000,-26.727833,3.017442
7,9,42.195784,-19.798763,3.103951
7,10,42.195784,-19.798763,3.103951
7,11,42.195784,-19.798763,3.103951
7,12,42.195784,-19.798763,3.103951
7,13,42.195784,-19.798763,3.103951
7,14,42.195784,-19.798763,3.103951
7,15,42.195784,-19.798763,3.103951
7,16,42.195784,-19.798763,3.103951
7,17,42.195784,-19.798763,3.103951
7,18,30.780087,-48.401196,1.097989
7,19,30.780087,-48.401196,1.097989
7,20,30.780087,-48.401196,1.097989
7,21,42.195784,-19.798763,3.103951
7,22,42.195784,-19.798763,3.103951
7,23,0.000000,-26.727833,3.017442
7,24,0.000000,-26.727833,3.017442
8,1,0.000000,-26.727833,3.017442
8,2,0.000000,-26.727833,3.017442
8,3,0.000000,0.000000,5.000000
8,4,0.000000,0.000000,5.000000
8,5,0.000000,0.000000,5.000000
8,6,0.000000,-26.727833,3.017442
8,7,0.000000,-26.727833,3.017442
8,8,0.000000,-26.727833,3.017442
8,9,42.195784,-19.798763,3.103951
8,10,42.195784,-19.798763,3.103951
8,11,42.195784,-19.798763,3.103951
8,12,42.195784,-19.798763,3.103951
8,13,42.195784,-19.798763,3.103951
8,14,42.195784,-19.798763,3.103951
8,15,42.195784,-19.798763,3.103951
8,16,42.195784,-19.798763,3.103951
8,17,42.195784,-19.798763,3.103951
8,18,30.780087,-48.401196,1.097989
8,19,30.780087,-48.401196,1.097989
8,20,30.780087,-48.401196,1.097989
8,21,42.195784,-19.798763,3.103951
8,22,42.195784,-19.798763,3.103951
8,23,0.000000,-26.727833,3.017442
8,24,0.000000,-26.727833,3.017442
9,1,0.000000,-26.727833,3.017442
9,2,0.000000,-26.727833,3.017442
9,3,0.000000,0.000000,5.000000
9,4,0.000000,0.000000,5.000000
9,5,0.000000,0.000000,5.000000
9,6,0.000000,-26.727833,3.017442
9,7,0.000000,-26.727833,3.017442
9,8,0.000000,-26.727833,3.017442
9,9,42.195784,-19.798763,3.103951
9,10,42.195784,-19.798763,3.103951
9,11,42.195784,-19.798763,3.103951
9,12,42.195784,-19.798763,3.103951
9,13,42.195784,-19.798763,3.103951
9,14,42.195784,-19.798763,3.103951
9,15,42.195784,-19.798763,3.103951
9,16,42.195784,-19.798763,3.103951
9,17,42.195784,-19.798763,3.103951
9,18,30.780087,-48.401196,1.097989
9,19,30.780087,-48.401196,1.097989
9,20,30.780087,-48.401196,1.097989
9,21,42.195784,-19.798763,3.103951
9,22,42.195784,-19.798763,3.103951
9,23,0.000000,-26.727833,3.017442
9,24,0.000000,-26.727833,3.017442
10,1,0.000000,-26.727833,3.017442
10,2,0.000000,-26.727833,3.017442
10,3,0.000000,0.000000,5.000000
10,4,0.000000,0.000000,5.000000
10,5,0.000000,0.000000,5.000000
10,6,0.000000,-26.727833,3.017442
10,7,0.000000,-26.727833,3.017442
10,8,0.000000,-26.727833,3.017442
10,9,42.195784,-19.798763,3.103951
10,10,42.195784,-19.798763,3.103951
10,11,42.195784,-19.798763,3.103951
10,12,42.195784,-19.798763,3.103951
10,13,42.195784,-19.798763,3.103951
10,14,42.195784,-19.798763,3.103951
10,15,42.195784,-19.798763,3.103951
10,16,42.195784,-19.798763,3.103951
10,17,42.195784,-19.798763,3.103951
10,18,30.780087,-48.401196,1.097989
10,19,30.780087,-48.401196,1.097989
10,20,30.780087,-48.401196,1.097989
10,21,42.195784,-19.798763,3.103951
10,22,42.195784,-19.798763,3.103951
10,23,0.000000,-26.727833,3.017442
10,24,0.000000,-26.727833,3.017442
11,1,0.000000,-26.727833,3.017442
11,2,0.000000,-26.727833,3.017442
11,3,0.000000,0.000000,5.000000
11,4,0.000000,0.000000,5.000000
11,5,0.000000,0.000000,5.000000
11,6,0.000000,-26.727833,3.017442
11,7,0.000000,-26.727833,3.017442
11,8,0.000000,-26.727833,3.017442
11,9,42.195784,-19.798763,3.103951
11,10,42.195784,-19.798763,3.103951
11,11,42.195784,-19.798763,3.103951
11,12,42.195784,-19.798763,3.103951
11,13,42.195784,-19.798763,3.103951
11,14,42.195784,-19.798763,3.103951
11,15,42.195784,-19.798763,3.103951
11,16,42.195784,-19.798763,3.103951
11,17,42.195784,-19.798763,3.103951
11,18,30.780087,-48.401196,1.097989
11,19,30.780087,-48.401196,1.097989
11,20,30.780087,-48.401196,1.097989
11,21,42.195784,-19.798763,3.103951
11,22,42.195784,-19.798763,3.103951
11,23,0.000000,-26.727833,3.017442
11,24,0.000000,-26.727833,3.017442
12,1,0.000000,-26.727833,3.017442
12,2,0.000000,-26.727833,3.017442
12,3,0.000000,0.000000,5.000000
12,4,0.000000,0.000000,5.000000
12,5,0.000000,0.000000,5.000000
12,6,0.000000,-26.727833,3.017442
12,7,0.000000,-26.727833,3.017442
12,8,0.000000,-26.727833,3.017442
12,9,42.195784,-19.798763,3.103951
12,10,42.195784,-19.798763,3.103951
12,11,42.195784,-19.798763,3.103951
12,12,42.195784,-19.798763,3.103951
12,13,42.195784,-19.798763,3.103951
12,14,42.195784,-19.798763,3.103951
12,15,42.195784,-19.798763,3.103951
12,16,42.195784,-19.798763,3.103951
12,17,42.195784,-19.798763,3.103951
12,18,30.780087,-48.401196,1.097989
12,19,30.780087,-48.401196,1.097989
12,20,30.780087,-48.401196,1.097989
12,21,42.195784,-19.798763,3.103951
12,22,42.195784,-19.798763,3.103951
12,23,0.000000,-26.727833,3.017442
12,24,0.000000,-26.727833,3.017442
13,1,0.000000,-26.727833,3.017442
13,2,0.000000,-26.727833,3.017442
13,3,0.000000,0.000000,5.000000
13,4,0.000000,0.000000,5.000000
13,5,0.000000,0.000000,5.000000
13,6,0.000000,-26.727833,3.017442
13,7,0.000000,-26.727833,3.017442
13,8,0.000000,-26.727833,3.017442
13,9,42.195784,-19.798763,3.103951
13,10,42.195784,-19.798763,3.103951
13,11,42.195784,-19.798763,3.103951
13,12,42.195784,-19.798763,3.103951
13,13,42.195784,-19.798763,3.103951
13,14,42.195784,-19.798763,3.103951
13,15,42.195784,-19.798763,3.103951
13,16,42.195784,-19.798763,3.103951
13,17,42.195784,-19.798763,3.103951
13,18,30.780087,-48.401196,1.097989
13,19,30.780087,-48.401196,1.097989
13,20,30.780087,-48.401196,1.097989
13,21,42.195784,-19.798763,3.103951
13,22,42.195784,-19.798763,3.103951
13,23,0.000000,-26.727833,3.017442
13,24,0.000000,-26.727833,3.017442
14,1,0.000000,-26.727833,3.017442
14,2,0.000000,-26.727833,3.017442
14,3,0.000000,0.000000,5.000000
14,4,0.000000,0.000000,5.000000
14,5,0.000000,0.000000,5.000000
14,6,0.000000,-26.727833,3.017442
14,7,0.000000,-26.727833,3.017442
14,8,0.000000,-26.727833,3.017442
14,9,42.195784,-19.798763,3.103951
14,10,42.195784,-19.798763,3.103951
14,11,42.195784,-19.798763,3.103951
14,12,42.195784,-19.798763,3.103951
14,13,42.195784,-19.798763,3.103951
14,14,42.195784,-19.798763,3.103951
14,15,42.195784,-19.798763,3.103951
14,16,42.195784,-19.798763,3.103951
14,17,42.195784,-19.798763,3.103951
14,18,30.780087,-48.401196,1.097989
14,19,30.780087,-48.401196,1.097989
14,20,30.780087,-48.401196,1.097989
14,21,42.195784,-19.798763,3.103951
14,22,42.195784,-19.798763,3.103951
14,23,0.000000,-26.727833,3.017442
14,24,0.000000,-26.727833,3.017442
15,1,0.000000,-26.727833,3.017442
15,2,0.000000,-26.727833,3.017442
15,3,0.000000,0.000000,5.000000
15,4,0.000000,0.000000,5.000000
15,5,0.000000,0.000000,5.000000
15,6,0.000000,-26.727833,3.017442
15,7,0.000000,-26.727833,3.017442
15,8,0.000000,-26.727833,3.017442
15,9,42.195784,-19.798763,3.103951
15,10,42.195784,-19.798763,3.103951
15,11,42.195784,-19.798763,3.103951
15,12,42.195784,-19.798763,3.103951
15,13,42.195784,-19.798763,3.103951
15,14,42.195784,-19.798763,3.103951
15,15,42.195784,-19.798763,3.103951
15,16,42.195784,-19.798763,3.103951
15,17,42.195784,-19.798763,3.103951
15,18,30.780087,-48.401196,1.097989
15,19,30.780087,-48.401196,1.097989
15,20,30.780087,-48.401196,1.097989
15,21,42.195784,-19.798763,3.103951
15,22,42.195784,-19.798763,3.103951
15,23,0.000000,-26.727833,3.017442
15,24,0.000000,-26.727833,3.017442
16,1,0.000000,-26.727833,3.017442
16,2,0.000000,-26.727833,3.017442
16,3,0.000000,0.000000,5.000000
16,4,0.000000,0.000000,5.000000
16,5,0.000000,0.000000,5.000000
16,6,0.000000,-26.727833,3.017442
16,7,0.000000,-26.727833,3.017442
16,8,0.000000,-26.727833,3.017442
16,9,42.195784,-19.798763,3.103951
16,10,42.195784,-19.798763,3.103951
16,11,42.195784,-19.798763,3.103951
16,12,42.195784,-19.798763,3.103951
16,13,42.195784,-19.798763,3.103951
16,14,42.195784,-19.798763,3.103951
16,15,42.195784,-19.798763,3.103951
16,16,42.195784,-19.798763,3.103951
16,17,42.195784,-19.798763,3.103951
16,18,30.780087,-48.401196,1.097989
16,19,30.780087,-48.401196,1.097989
16,20,30.780087,-48.401196,1.097989
16,21,42.195784,-19.798763,3.103951
16,22,42.195784,-19.798763,3.103951
16,23,0.000000,-26.727833,3.017442
16,24,0.000000,-26.727833,3.017442
17,1,0.000000,-26.727833,3.017442
17,2,0.000000,-26.727833,3.017442
17,3,0.000000,0.000000,5.000000
17,4,0.000000,0.000000,5.000000
17,5,0.000000,0.000000,5.000000
17,6,0.000000,-26.727833,3.017442
17,7,0.000000,-26.727833,3.017442
17,8,0.000000,-26.727833,3.017442
17,9,42.195784,-19.798763,3.103951
17,10,42.195784,-19.798763,3.103951
17,11,42.195784,-19.798763,3.103951
17,12,42.195784,-19.798763,3.103951
17,13,42.195784,-19.798763,3.103951
17,14,42.195784,-19.798763,3.103951
17,15,42.195784,-19.798763,3.103951
17,16,42.195784,-19.798763,3.103951
17,17,42.195784,-19.798763,3.103951
17,18,30.780087,-48.401196,1.097989
17,19,30.780087,-48.401196,1.097989
17,20,30.780087,-48.401196,1.097989
17,21,42.195784,-19.798763,3.103951
17,22,42.195784,-19.798763,3.103951
17,23,0.000000,-26.727833,3.017442
17,24,0.000000,-26.727833,3.017442
18,1,0.000000,-26.727833,3.017442
18,2,0.000000,-26.727833,3.017442
18,3,0.000000,0.000000,5.000000
18,4,0.000000,0.000000,5.000000
18,5,0.000000,0.000000,5.000000
18,6,0.000000,-26.727833,3.017442
18,7,0.000000,-26.727833,3.017442
18,8,0.000000,-26.727833,3.017442
18,9,42.195784,-19.798763,3.103951
18,10,42.195784,-19.798763,3.103951
18,11,42.195784,-19.798763,3.103951
18,12,42.195784,-19.798763,3.103951
18,13,42.195784,-19.798763,3.103951
18,14,42.195784,-19.798763,3.103951
18,15,42.195784,-19.798763,3.103951
18,16,42.195784,-19.798763,3.103951
18,17,42.195784,-19.798763,3.103951
18,18,30.780087,-48.401196,1.097989
18,19,30.780087,-48.401196,1.097989
18,20,30.780087,-48.401196,1.097989
18,21,42.195784,-19.798763,3.103951
18,22,42.195784,-19.798763,3.103951
18,23,0.000000,-26.727833,3.017442
18,24,0.000000,-26.727833,3.017442
19,1,0.000000,-26.727833,3.017442
19,2,0.000000,-26.727833,3.017442
19,3,0.000000,0.000000,5.000000
19,4,0.000000,0.000000,5.000000
19,5,0.000000,0.000000,5.000000
19,6,0.000000,-26.727833,3.017442
19,7,0.000000,-26.727833,3.017442
19,8,0.000000,-26.727833,3.017442
19,9,42.195784,-19.798763,3.103951
19,10,42.195784,-19.798763,3.103951
19,11,42.195784,-19.798763,3.103951
19,12,42.195784,-19.798763,3.103951
19,13,42.195784,-19.798763,3.103951
19,14,42.195784,-19.798763,3.103951
19,15,42.195784,-19.798763,3.103951
19,16,42.195784,-19.798763,3.103951
19,17,42.195784,-19.798763,3.103951
19,18,30.780087,-48.401196,1.097989
19,19,30.780087,-48.401196,1.097989
19,20,30.780087,-48.401196,1.097989
19,21,42.195784,-19.798763,3.103951
19,22,42.195784,-19.798763,3.103951
19,23,0.000000,-26.727833,3.017442
19,24,0.000000,-26.727833,3.017442
20,1,0.000000,-26.727833,3.017442
20,2,0.000000,-26.727833,3.017442
20,3,0.000000,0.000000,5.000000
20,4,0.000000,0.000000,5.000000
20,5,0.000000,0.000000,5.000000
20,6,0.000000,-26.727833,3.017442
20,7,0.000000,-26.727833,3.017442
20,8,0.000000,-26.727833,3.017442
20,9,42.195784,-19.798763,3.103951
20,10,42.195784,-19.798763,3.103951
20,11,42.195784,-19.798763,3.103951
20,12,42.195784,-19.798763,3.103951
20,13,42.195784,-19.798763,3.103951
20,14,42.195784,-19.798763,3.103951
20,15,42.195784,-19.798763,3.103951
20,16,42.195784,-19.798763,3.103951
20,17,42.195784,-19.798763,3.103951
20,18,30.780087,-48.401196,1.097989
20,19,30.780087,-48.401196,1.097989
20,20,30.780087,-48.401196,1.097989
20,21,42.195784,-19.798763,3.103951
20,22,42.195784,-19.798763,3.103951
20,23,0.000000,-26.727833,3.017442
20,24,0.000000,-26.727833,3.017442
21,1,0.000000,-26.727833,3.017442
21,2,0.000000,-26.727833,3.017442
21,3,0.000000,0.000000,5.000000
21,4,0.000000,0.000000,5.000000
21,5,0.000000,0.000000,5.000000
21,6,0.000000,-26.727833,3.017442
21,7,0.000000,-26.727833,3.017442
21,8,0.000000,-26.727833,3.017442
21,9,42.195784,-19.798763,3.103951
21,10,42.195784,-19.798763,3.103951
21,11,42.195784,-19.798763,3.103951
21,12,42.195784,-19.798763,3.103951
21,13,42.195784,-19.798763,3.103951
21,14,42.195784,-19.798763,3.103951
21,15,42.195784,-19.798763,3.103951
21,16,42.195784,-19.798763,3.103951
21,17,42.195784,-19.798763,3.103951
21,18,30.780087,-48.401196,1.097989
21,19,30.780087,-48.401196,1.097989
21,20,30.780087,-48.401196,1.097989
21,21,42.195784,-19.798763,3.103951
21,22,42.195784,-19.798763,3.103951
21,23,0.000000,-26.727833,3.017442
21,24,0.000000,-26.727833,3.017442
22,1,0.000000,-26.727833,3.017442
22,2,0.000000,-26.727833,3.017442
22,3,0.000000,0.000000,5.000000
22,4,0.000000,0.000000,5.000000
22,5,0.000000,0.000000,5.000000
22,6,0.000000,-26.727833,3.017442
22,7,0.000000,-26.727833,3.017442
22,8,0.000000,-26.727833,3.017442
22,9,42.195784,-19.798763,3.103951
22,10,42.195784,-19.798763,3.103951
22,11,42.195784,-19.798763,3.103951
22,12,42.195784,-19.798763,3.103951
22,13,42.195784,-19.798763,3.103951
22,14,42.195784,-19.798763,3.103951
22,15,42.195784,-19.798763,3.103951
22,16,42.195784,-19.798763,3.103951
22,17,42.195784,-19.798763,3.103951
22,18,30.780087,-48.401196,1.097989
22,19,30.780087,-48.401196,1.097989
22,20,30.780087,-48.401196,1.097989
22,21,42.195784,-19.798763,3.103951
22,22,42.195784,-19.798763,3.103951
22,23,0.000000,-26.727833,3.017442
22,24,0.000000,-26.727833,3.017442
23,1,0.000000,-26.727833,3.017442
23,2,0.000000,-26.727833,3.017442
23,3,0.000000,0.000000,5.000000
23,4,0.000000,0.000000,5.000000
23,5,0.000000,0.000000,5.000000
23,6,0.000000,-26.727833,3.017442
23,7,0.000000,-26.727833,3.017442
23,8,0.000000,-26.727833,3.017442
23,9,42.195784,-19.798763,3.103951
23,10,42.195784,-19.798763,3.103951
23,11,42.195784,-19.798763,3.103951
23,12,42.195784,-19.798763,3.103951
23,13,42.195784,-19.798763,3.103951
23,14,42.195784,-19.798763,3.103951
23,15,42.195784,-19.798763,3.103951
23,16,42.195784,-19.798763,3.103951
23,17,42.195784,-19.798763,3.103951
23,18,30.780087,-48.401196,1.097989
23,19,30.780087,-48.401196,1.097989
23,20,30.780087,-48.401196,1.097989
23,21,42.195784,-19.798763,3.103951
23,22,42.195784,-19.798763,3.103951
23,23,0.000000,-26.727833,3.017442
23,24,0.000000,-26.727833,3.017442
24,1,0.000000,-26.727833,3.017442
24,2,0.000000,-26.727833,3.017442
24,3,0.000000,0.000000,5.000000
24,4,0.000000,0.000000,5.000000
24,5,0.000000,0.000000,5.000000
24,6,0.000000,-26.727833,3.017442
24,7,0.000000,-26.727833,3.017442
24,8,0.000000,-26.727833,3.017442
24,9,42.195784,-19.798763,3.103951
24,10,42.195784,-19.798763,3.103951
24,11,42.195784,-19.798763,3.103951
24,12,42.195784,-19.798763,3.103951
24,13,42.195784,-19.798763,3.103951
24,14,42.195784,-19.798763,3.103951
24,15,42.195784,-19.798763,3.103951
24,16,42.195784,-19.798763,3.103951
24,17,42.195784,-19.798763,3.103951
24,18,30.780087,-48.401196,1.097989
24,19,30.780087,-48.401196,1.097989
24,20,30.780087,-48.401196,1.097989
24,21,42.195784,-19.798763,3.103951
24,22,42.195784,-19.798763,3.103951
24,23,0.000000,-26.727833,3.017442
24,24,0.000000,-26.727833,3.017442
25,1,0.000000,-26.727833,3.017442
25,2,0.000000,-26.727833,3.017442
25,3,0.000000,0.000000,5.000000
25,4,0.000000,0.000000,5.000000
25,5,0.000000,0.000000,5.000000
25,6,0.000000,-26.727833,3.017442
25,7,0.000000,-26.727833,3.017442
25,8,0.000000,-26.727833,3.017442
25,9,42.195784,-19.798763,3.103951
25,10,42.195784,-19.798763,3.103951
25,11,42.195784,-19.798763,3.103951
25,12,42.195784,-19.798763,3.103951
25,13,42.195784,-19.798763,3.103951
25,14,42.195784,-19.798763,3.103951
25,15,42.195784,-19.798763,3.103951
25,16,42.195784,-19.798763,3.103951
25,17,42.195784,-19.798763,3.103951
25,18,30.780087,-48.401196,1.097989
25,19,30.780087,-48.401196,1.097989
25,20,30.780087,-48.401196,1.097989
25,21,42.195784,-19.798763,3.103951
25,22,42.195784,-19.798763,3.103951
25,23,0.000000,-26.727833,3.017442
25,24,0.000000,-26.727833,3.017442
26,1,0.000000,-26.727833,3.017442
26,2,0.000000,-26.727833,3.017442
26,3,0.000000,0.000000,5.000000
26,4,0.000000,0.000000,5.000000
26,5,0.000000,0.000000,5.000000
26,6,0.000000,-26.727833,3.017442
26,7,0.000000,-26.727833,3.017442
26,8,0.000000,-26.727833,3.017442
26,9,42.195784,-19.798763,3.103951
26,10,42.195784,-19.798763,3.103951
26,11,42.195784,-19.798763,3.103951
26,12,42.195784,-19.798763,3.103951
26,13,42.195784,-19.798763,3.103951
26,14,42.195784,-19.798763,3.103951
26,15,42.195784,-19.798763,3.103951
26,16,42.195784,-19.798763,3.103951
26,17,42.195784,-19.798763,3.103951
26,18,30.780087,-48.401196,1.097989
26,19,30.780087,-48.401196,1.097989
26,20,30.780087,-48.401196,1.097989
26,21,42.195784,-19.798763,3.103951
26,22,42.195784,-19.798763,3.103951
26,23,0.000000,-26.727833,3.017442
26,24,0.000000,-26.727833,3.017442
27,1,0.000000,-26.727833,3.017442
27,2,0.000000,-26.727833,3.017442
27,3,0.000000,0.000000,5.000000
27,4,0.000000,0.000000,5.000000
27,5,0.000000,0.000000,5.000000
27,6,0.000000,-26.727833,3.017442
27,7,0.000000,-26.727833,3.017442
27,8,0.000000,-26.727833,3.017442
27,9,42.195784,-19.798763,3.103951
27,10,42.195784,-19.798763,3.103951
27,11,42.195784,-19.798763,3.103951
27,12,42.195784,-19.798763,3.103951
27,13,42.195784,-19.798763,3.103951
27,14,42.195784,-19.798763,3.103951
27,15,42.195784,-19.798763,3.103951
27,16,42.195784,-19.798763,3.103951
27,17,42.195784,-19.798763,3.103951
27,18,30.780087,-48.401196,1.097989
27,19,30.780087,-48.401196,1.097989
27,20,30.780087,-48.401196,1.097989
27,21,42.195784,-19.798763,3.103951
27,22,42.195784,-19.798763,3.103951
27,23,0.000000,-26.727833,3.017442
27,24,0.000000,-26.727833,3.017442
28,1,0.000000,-26.727833,3.017442
28,2,0.000000,-26.727833,3.017442
28,3,0.000000,0.000000,5.000000
28,4,0.000000,0.000000,5.000000
28,5,0.000000,0.000000,5.000000
28,6,0.000000,-26.727833,3.017442
28,7,0.000000,-26.727833,3.017442
28,8,0.000000,-26.727833,3.017442
28,9,42.195784,-19.798763,3.103951
28,10,42.195784,-19.798763,3.103951
28,11,42.195784,-19.798763,3.103951
28,12,42.195784,-19.798763,3.103951
28,13,42.195784,-19.798763,3.103951
28,14,42.195784,-19.798763,3.103951
28,15,42.195784,-19.798763,3.103951
28,16,42.195784,-19.798763,3.103951
28,17,42.195784,-19.798763,3.103951
28,18,30.780087,-48.401196,1.097989
28,19,30.780087,-48.401196,1.097989
28,20,30.780087,-48.401196,1.097989
28,21,42.195784,-19.798763,3.103951
28,22,42.195784,-19.798763,3.103951
28,23,0.000000,-26.727833,3.017442
28,24,0.000000,-26.727833,3.017442
29,1,0.000000,-26.727833,3.017442
29,2,0.000000,-26.727833,3.017442
29,3,0.000000,0.000000,5.000000
29,4,0.000000,0.000000,5.000000
29,5,0.000000,0.000000,5.000000
29,6,0.000000,-26.727833,3.017442
29,7,0.000000,-26.727833,3.017442
29,8,0.000000,-26.727833,3.017442
29,9,42.195784,-19.798763,3.103951
29,10,42.195784,-19.798763,3.103951
29,11,42.195784,-19.798763,3.103951
29,12,42.195784,-19.798763,3.103951
29,13,42.195784,-19.798763,3.103951
29,14,42.195784,-19.798763,3.103951
29,15,42.195784,-19.798763,3.103951
29,16,42.195784,-19.798763,3.103951
29,17,42.195784,-19.798763,3.103951
29,18,30.780087,-48.401196,1.097989
29,19,30.780087,-48.401196,1.097989
29,20,30.780087,-48.401196,1.097989
29,21,42.195784,-19.798763,3.103951
29,22,42.195784,-19.798763,3.103951
29,23,0.000000,-26.727833,3.017442
29,24,0.000000,-26.727833,3.017442
30,1,0.000000,-26.727833,3.017442
30,2,0.000000,-26.727833,3.017442
30,3,0.000000,0.000000,5.000000
30,4,0.000000,0.000000,5.000000
30,5,0.000000,0.000000,5.000000
30,6,0.000000,-26.727833,3.017442
30,7,0.000000,-26.727833,3.017442
30,8,0.000000,-26.727833,3.017442
30,9,42.195784,-19.798763,3.103951
30,10,42.195784,-19.798763,3.103951
30,11,42.195784,-19.798763,3.103951
30,12,42.195784,-19.798763,3.103951
30,13,42.195784,-19.798763,3.103951
30,14,42.195784,-19.798763,3.103951
30,15,42.195784,-19.798763,3.103951
30,16,42.195784,-19.798763,3.103951
30,17,42.195784,-19.798763,3.103951
30,18,30.780087,-48.401196,1.097989
30,19,30.780087,-48.401196,1.097989
30,20,30.780087,-48.401196,1.097989
30,21,42.195784,-19.798763,3.103951
30,22,42.195784,-19.798763,3.103951
30,23,0.000000,-26.727833,3.017442
30,24,0.000000,-26.727833,3.017442
31,1,0.000000,-26.727833,3.017442
31,2,0.000000,-26.727833,3.017442
31,3,0.000000,0.000000,5.000000
31,4,0.000000,0.000000,5.000000
31,5,0.000000,0.000000,5.000000
31,6,0.000000,-26.727833,3.017442
31,7,0.000000,-26.727833,3.017442
31,8,0.000000,-26.727833,3.017442
31,9,42.195784,-19.798763,3.103951
31,10,42.195784,-19.798763,3.103951
31,11,42.195784,-19.798763,3.103951
31,12,42.195784,-19.798763,3.103951
31,13,42.195784,-19.798763,3.103951
31,14,42.195784,-19.798763,3.103951
31,15,42.195784,-19.798763,3.103951
31,16,42.195784,-19.798763,3.103951
31,17,42.195784,-19.798763,3.103951
31,18,30.780087,-48.401196,1.097989
31,19,30.780087,-48.401196,1.097989
31,20,30.780087,-48.401196,1.097989
31,21,42.195784,-19.798763,3.103951
31,22,42.195784,-19.798763,3.103951
31,23,0.000000,-26.727833,3.017442
31,24,0.000000,-26.727833,3.017442
32,1,0.000000,-26.727833,3.017442
32,2,0.000000,-26.727833,3.017442
32,3,0.000000,0.000000,5.000000
32,4,0.000000,0.000000,5.000000
32,5,0.000000,0.000000,5.000000
32,6,0.000000,-26.727833,3.017442
32,7,0.000000,-26.727833,3.017442
32,8,0.000000,-26.727833,3.017442
32,9,42.195784,-19.798763,3.103951
32,10,42.195784,-19.798763,3.103951
32,11,42.195784,-19.798763,3.103951
32,12,42.195784,-19.798763,3.103951
32,13,42.195784,-19.798763,3.103951
32,14,42.195784,-19.798763,3.103951
32,15,42.195784,-19.798763,3.103951
32,16,42.195784,-19.798763,3.103951
32,17,42.195784,-19.798763,3.103951
32,18,30.780087,-48.401196,1.097989
32,19,30.780087,-48.401196,1.097989
32,20,30.780087,-48.401196,1.097989
32,21,42.195784,-19.798763,3.103951
32,22,42.195784,-19.798763,3.103951
32,23,0.000000,-26.727833,3.017442
32,24,0.000000,-26.727833,3.017442
33,1,0.000000,-26.727833,3.017442
33,2,0.000000,-26.727833,3.017442
33,3,0.000000,0.000000,5.000000
33,4,0.000000,0.000000,5.000000
33,5,0.000000,0.000000,5.000000
33,6,0.000000,-26.727833,3.017442
33,7,0.000000,-26.727833,3.017442
33,8,0.000000,-26.727833,3.017442
33,9,42.195784,-19.798763,3.103951
33,10,42.195784,-19.798763,3.103951
33,11,42.195784,-19.798763,3.103951
33,12,42.195784,-19.798763,3.103951
33,13,42.195784,-19.798763,3.103951
33,14,42.195784,-19.798763,3.103951
33,15,42.195784,-19.798763,3.103951
33,16,42.195784,-19.798763,3.103951
33,17,42.195784,-19.798763,3.103951
33,18,30.780087,-48.401196,1.097989
33,19,30.780087,-48.401196,1.097989
33,20,30.780087,-48.401196,1.097989
33,21,42.195784,-19.798763,3.103951
33,22,42.195784,-19.798763,3.103951
33,23,0.000000,-26.727833,3.017442
33,24,0.000000,-26.727833,3.017442
34,1,0.000000,-26.727833,3.017442
34,2,0.000000,-26.727833,3.017442
34,3,0.000000,0.000000,5.000000
34,4,0.000000,0.000000,5.000000
34,5,0.000000,0.000000,5.000000
34,6,0.000000,-26.727833,3.017442
34,7,0.000000,-26.727833,3.017442
34,8,0.000000,-26.727833,3.017442
34,9,42.195784,-19.798763,3.103951
34,10,42.195784,-19.798763,3.103951
34,11,42.195784,-19.798763,3.103951
34,12,42.195784,-19.798763,3.103951
34,13,42.195784,-19.798763,3.103951
34,14,42.195784,-19.798763,3.103951
34,15,42.195784,-19.798763,3.103951
34,16,42.195784,-19.798763,3.103951
34,17,42.195784,-19.798763,3.103951
34,18,30.780087,-48.401196,1.097989
34,19,30.780087,-48.401196,1.097989
34,20,30.780087,-48.401196,1.097989
34,21,42.195784,-19.798763,3.103951
34,22,42.195784,-19.798763,3.103951
34,23,0.000000,-26.727833,3.017442
34,24,0.000000,-26.727833,3.017442
35,1,0.000000,-26.727833,3.017442
35,2,0.000000,-26.727833,3.017442
35,3,0.000000,0.000000,5.000000
35,4,0.000000,0.000000,5.000000
35,5,0.000000,0.000000,5.000000
35,6,0.000000,-26.727833,3.017442
35,7,0.000000,-26.727833,3.017442
35,8,0.000000,-26.727833,3.017442
35,9,42.195784,-19.798763,3.103951
35,10,42.195784,-19.798763,3.103951
35,11,42.195784,-19.798763,3.103951
35,12,42.195784,-19.798763,3.103951
35,13,42.195784,-19.798763,3.103951
35,14,42.195784,-19.798763,3.103951
35,15,42.195784,-19.798763,3.103951
35,16,42.195784,-19.798763,3.103951
35,17,42.195784,-19.798763,3.103951
35,18,30.780087,-48.401196,1.097989
35,19,30.780087,-48.401196,1.097989
35,20,30.780087,-48.401196,1.097989
35,21,42.195784,-19.798763,3.103951
35,22,42.195784,-19.798763,3.103951
35,23,0.000000,-26.727833,3.017442
35,24,0.000000,-26.727833,3.017442
36,1,0.000000,-26.727833,3.017442
36,2,0.000000,-26.727833,3.017442
36,3,0.000000,0.000000,5.000000
36,4,0.000000,0.000000,5.000000
36,5,0.000000,0.000000,5.000000
36,6,0.000000,-26.727833,3.017442
36,7,0.000000,-26.727833,3.017442
36,8,0.000000,-26.727833,3.017442
36,9,42.195784,-19.798763,3.103951
36,10,42.195784,-19.798763,3.103951
36,11,42.195784,-19.798763,3.103951
36,12,42.195784,-19.798763,3.103951
36,13,42.195784,-19.798763,3.103951
36,14,42.195784,-19.798763,3.103951
36,15,42.195784,-19.798763,3.103951
36,16,42.195784,-19.798763,3.103951
36,17,42.195784,-19.798763,3.103951
36,18,30.780087,-48.401196,1.097989
36,19,30.780087,-48.401196,1.097989
36,20,30.780087,-48.401196,1.097989
36,21,42.195784,-19.798763,3.103951
36,22,42.195784,-19.798763,3.103951
36,23,0.000000,-26.727833,3.017442
36,24,0.000000,-26.727833,3.017442
37,1,0.000000,-26.727833,3.017442
37,2,0.000000,-26.727833,3.017442
37,3,0.000000,0.000000,5.000000
37,4,0.000000,0.000000,5.000000
37,5,0.000000,0.000000,5.000000
37,6,0.000000,-26.727833,3.017442
37,7,0.000000,-26.727833,3.017442
37,8,0.000000,-26.727833,3.017442
37,9,42.195784,-19.798763,3.103951
37,10,42.195784,-19.798763,3.103951
37,11,42.195784,-19.798763,3.103951
37,12,42.195784,-19.798763,3.103951
37,13,42.195784,-19.798763,3.103951
37,14,42.195784,-19.798763,3.103951
37,15,42.195784,-19.798763,3.103951
37,16,42.195784,-19.798763,3.103951
37,17,42.195784,-19.798763,3.103951
37,18,30.780087,-48.401196,1.097989
37,19,30.780087,-48.401196,1.097989
37,20,30.780087,-48.401196,1.097989
37,21,42.195784,-19.798763,3.103951
37,22,42.195784,-19.798763,3.103951
37,23,0.000000,-26.727833,3.017442
37,24,0.000000,-26.727833,3.017442
38,1,0.000000,-26.727833,3.017442
38,2,0.000000,-26.727833,3.017442
38,3,0.000000,0.000000,5.000000
38,4,0.000000,0.000000,5.000000
38,5,0.000000,0.000000,5.000000
38,6,0.000000,-26.727833,3.017442
38,7,0.000000,-26.727833,3.017442
38,8,0.000000,-26.727833,3.017442
38,9,42.195784,-19.798763,3.103951
38,10,42.195784,-19.798763,3.103951
38,11,42.195784,-19.798763,3.103951
38,12,42.195784,-19.798763,3.103951
38,13,42.195784,-19.798763,3.103951
38,14,42.195784,-19.798763,3.103951
38,15,42.195784,-19.798763,3.103951
38,16,42.195784,-19.798763,3.103951
38,17,42.195784,-19.798763,3.103951
38,18,30.780087,-48.401196,1.097989
38,19,30.780087,-48.401196,1.097989
38,20,30.780087,-48.401196,1.097989
38,21,42.195784,-19.798763,3.103951
38,22,42.195784,-19.798763,3.103951
38,23,0.000000,-26.727833,3.017442
38,24,0.000000,-26.727833,3.017442
39,1,0.000000,-26.727833,3.017442
39,2,0.000000,-26.727833,3.017442
39,3,0.000000,0.000000,5.000000
39,4,0.000000,0.000000,5.000000
39,5,0.000000,0.000000,5.000000
39,6,0.000000,-26.727833,3.017442
39,7,0.000000,-26.727833,3.017442
39,8,0.000000,-26.727833,3.017442
39,9,42.195784,-19.798763,3.103951
39,10,42.195784,-19.798763,3.103951
39,11,42.195784,-19.798763,3.103951
39,12,42.195784,-19.798763,3.103951
39,13,42.195784,-19.798763,3.103951
39,14,42.195784,-19.798763,3.103951
39,15,42.195784,-19.798763,3.103951
39,16,42.195784,-19.798763,3.103951
39,17,42.195784,-19.798763,3.103951
39,18,30.780087,-48.401196,1.097989
39,19,30.780087,-48.401196,1.097989
39,20,30.780087,-48.401196,1.097989
39,21,42.195784,-19.798763,3.103951
39,22,42.195784,-19.798763,3.103951
39,23,0.000000,-26.727833,3.017442
39,24,0.000000,-26.727833,3.017442
40,1,0.000000,-26.727833,3.017442
40,2,0.000000,-26.727833,3.017442
40,3,0.000000,0.000000,5.000000
40,4,0.000000,0.000000,5.000000
40,5,0.000000,0.000000,5.000000
40,6,0.000000,-26.727833,3.017442
40,7,0.000000,-26.727833,3.017442
40,8,0.000000,-26.727833,3.017442
40,9,42.195784,-19.798763,3.103951
40,10,42.195784,-19.798763,3.103951
40,11,42.195784,-19.798763,3.103951
40,12,42.195784,-19.798763,3.103951
40,13,42.195784,-19.798763,3.103951
40,14,42.195784,-19.798763,3.103951
40,15,42.195784,-19.798763,3.103951
40,16,42.195784,-19.798763,3.103951
40,17,42.195784,-19.798763,3.103951
40,18,30.780087,-48.401196,1.097989
40,19,30.780087,-48.401196,1.097989
40,20,30.780087,-48.401196,1.097989
40,21,42.195784,-19.798763,3.103951
40,22,42.195784,-19.798763,3.103951
40,23,0.000000,-26.727833,3.017442
40,24,0.000000,-26.727833,3.017442
41,1,0.000000,-26.727833,3.017442
41,2,0.000000,-26.727833,3.017442
41,3,0.000000,0.000000,5.000000
41,4,0.000000,0.000000,5.000000
41,5,0.000000,0.000000,5.000000
41,6,0.000000,-26.727833,3.017442
41,7,0.000000,-26.727833,3.017442
41,8,0.000000,-26.727833,3.017442
41,9,42.195784,-19.798763,3.103951
41,10,42.195784,-19.798763,3.103951
41,11,42.195784,-19.798763,3.103951
41,12,42.195784,-19.798763,3.103951
41,13,42.195784,-19.798763,3.103951
41,14,42.195784,-19.798763,3.103951
41,15,42.195784,-19.798763,3.103951
41,16,42.195784,-19.798763,3.103951
41,17,42.195784,-19.798763,3.103951
41,18,30.780087,-48.401196,1.097989
41,19,30.780087,-48.401196,1.097989
41,20,30.780087,-48.401196,1.097989
41,21,42.195784,-19.798763,3.103951
41,22,42.195784,-19.798763,3.103951
41,23,0.000000,-26.727833,3.017442
41,24,0.000000,-26.727833,3.017442
42,1,0.000000,-26.727833,3.017442
42,2,0.000000,-26.727833,3.017442
42,3,0.000000,0.000000,5.000000
42,4,0.000000,0.000000,5.000000
42,5,0.000000,0.000000,5.000000
42,6,0.000000,-26.727833,3.017442
42,7,0.000000,-26.727833,3.017442
42,8,0.000000,-26.727833,3.017442
42,9,42.195784,-19.798763,3.103951
42,10,42.195784,-19.798763,3.103951
42,11,42.195784,-19.798763,3.103951
42,12,42.195784,-19.798763,3.103951
42,13,42.195784,-19.798763,3.103951
42,14,42.195784,-19.798763,3.103951
42,15,42.195784,-19.798763,3.103951
42,16,42.195784,-19.798763,3.103951
42,17,42.195784,-19.798763,3.103951
42,18,30.780087,-48.401196,1.097989
42,19,30.780087,-48.401196,1.097989
42,20,30.780087,-48.401196,1.097989
42,21,42.195784,-19.798763,3.103951
42,22,42.195784,-19.798763,3.103951
42,23,0.000000,-26.727833,3.017442
42,24,0.000000,-26.727833,3.017442
43,1,0.000000,-26.727833,3.017442
43,2,0.000000,-26.727833,3.017442
43,3,0.000000,0.000000,5.000000
43,4,0.000000,0.000000,5.000000
43,5,0.000000,0.000000,5.000000
43,6,0.000000,-26.727833,3.017442
43,7,0.000000,-26.727833,3.017442
43,8,0.000000,-26.727833,3.017442
43,9,42.195784,-19.798763,3.103951
43,10,42.195784,-19.798763,3.103951
43,11,42.195784,-19.798763,3.103951
43,12,42.195784,-19.798763,3.103951
43,13,42.195784,-19.798763,3.103951
43,14,42.195784,-19.798763,3.103951
43,15,42.195784,-19.798763,3.103951
43,16,42.195784,-19.798763,3.103951
43,17,42.195784,-19.798763,3.103951
43,18,30.780087,-48.401196,1.097989
43,19,30.780087,-48.401196,1.097989
43,20,30.780087,-48.401196,1.097989
43,21,42.195784,-19.798763,3.103951
43,22,42.195784,-19.798763,3.103951
43,23,0.000000,-26.727833,3.017442
43,24,0.000000,-26.727833,3.017442
44,1,0.000000,-26.727833,3.017442
44,2,0.000000,-26.727833,3.017442
44,3,0.000000,0.000000,5.000000
44,4,0.000000,0.000000,5.000000
44,5,0.000000,0.000000,5.000000
44,6,0.000000,-26.727833,3.017442
44,7,0.000000,-26.727833,3.017442
44,8,0.000000,-26.727833,3.017442
44,9,42.195784,-19.798763,3.103951
44,10,42.195784,-19.798763,3.103951
44,11,42.195784,-19.798763,3.103951
44,12,42.195784,-19.798763,3.103951
44,13,42.195784,-19.798763,3.103951
44,14,42.195784,-19.798763,3.103951
44,15,42.195784,-19.798763,3.103951
44,16,42.195784,-19.798763,3.103951
44,17,42.195784,-19.798763,3.103951
44,18,30.780087,-48.401196,1.097989
44,19,30.780087,-48.401196,1.097989
44,20,30.780087,-48.401196,1.097989
44,21,42.195784,-19.798763,3.103951
44,22,42.195784,-19.798763,3.103951
44,23,0.000000,-26.727833,3.017442
44,24,0.000000,-26.727833,3.017442
45,1,0.000000,-26.727833,3.017442
45,2,0.000000,-26.727833,3.017442
45,3,0.000000,0.000000,5.000000
45,4,0.000000,0.000000,5.000000
45,5,0.000000,0.000000,5.000000
45,6,0.000000,-26.727833,3.017442
45,7,0.000000,-26.727833,3.017442
45,8,0.000000,-26.727833,3.017442
45,9,42.195784,-19.798763,3.103951
45,10,42.195784,-19.798763,3.103951
45,11,42.195784,-19.798763,3.103951
45,12,42.195784,-19.798763,3.103951
45,13,42.195784,-19.798763,3.103951
45,14,42.195784,-19.798763,3.103951
45,15,42.195784,-19.798763,3.103951
45,16,42.195784,-19.798763,3.103951
45,17,42.195784,-19.798763,3.103951
45,18,30.780087,-48.401196,1.097989
45,19,30.780087,-48.401196,1.097989
45,20,30.780087,-48.401196,1.097989
45,21,42.195784,-19.798763,3.103951
45,22,42.195784,-19.798763,3.103951
45,23,0.000000,-26.727833,3.017442
45,24,0.000000,-26.727833,3.017442
46,1,0.000000,-26.727833,3.017442
46,2,0.000000,-26.727833,3.017442
46,3,0.000000,0.000000,5.000000
46,4,0.000000,0.000000,5.000000
46,5,0.000000,0.000000,5.000000
46,6,0.000000,-26.727833,3.017442
46,7,0.000000,-26.727833,3.017442
46,8,0.000000,-26.727833,3.017442
46,9,42.195784,-19.798763,3.103951
46,10,42.195784,-19.798763,3.103951
46,11,42.195784,-19.798763,3.103951
46,12,42.195784,-19.798763,3.103951
46,13,42.195784,-19.798763,3.103951
46,14,42.195784,-19.798763,3.103951
46,15,42.195784,-19.798763,3.103951
46,16,42.195784,-19.798763,3.103951
46,17,42.195784,-19.798763,3.103951
46,18,30.780087,-48.401196,1.097989
46,19,30.780087,-48.401196,1.097989
46,20,30.780087,-48.401196,1.097989
46,21,42.195784,-19.798763,3.103951
46,22,42.195784,-19.798763,3.103951
46,23,0.000000,-26.727833,3.017442
46,24,0.000000,-26.727833,3.017442
47,1,0.000000,-26.727833,3.017442
47,2,0.000000,-26.727833,3.017442
47,3,0.000000,0.000000,5.000000
47,4,0.000000,0.000000,5.000000
47,5,0.000000,0.000000,5.000000
47,6,0.000000,-26.727833,3.017442
47,7,0.000000,-26.727833,3.017442
47,8,0.000000,-26.727833,3.017442
47,9,42.195784,-19.798763,3.103951
47,10,42.195784,-19.798763,3.103951
47,11,42.195784,-19.798763,3.103951
47,12,42.195784,-19.798763,3.103951
47,13,42.195784,-19.798763,3.103951
47,14,42.195784,-19.798763,3.103951
47,15,42.195784,-19.798763,3.103951
47,16,42.195784,-19.798763,3.103951
47,17,42.195784,-19.798763,3.103951
47,18,30.780087,-48.401196,1.097989
47,19,30.780087,-48.401196,1.097989
47,20,30.780087,-48.401196,1.097989
47,21,42.195784,-19.798763,3.103951
47,22,42.195784,-19.798763,3.103951
47,23,0.000000,-26.727833,3.017442
47,24,0.000000,-26.727833,3.017442
48,1,0.000000,-26.727833,3.017442
48,2,0.000000,-26.727833,3.017442
48,3,0.000000,0.000000,5.000000
48,4,0.000000,0.000000,5.000000
48,5,0.000000,0.000000,5.000000
48,6,0.000000,-26.727833,3.017442
48,7,0.000000,-26.727833,3.017442
48,8,0.000000,-26.727833,3.017442
48,9,42.195784,-19.798763,3.103951
48,10,42.195784,-19.798763,3.103951
48,11,42.195784,-19.798763,3.103951
48,12,42.195784,-19.798763,3.103951
48,13,42.195784,-19.798763,3.103951
48,14,42.195784,-19.798763,3.103951
48,15,42.195784,-19.798763,3.103951
48,16,42.195784,-19.798763,3.103951
48,17,42.195784,-19.798763,3.103951
48,18,30.780087,-48.401196,1.097989
48,19,30.780087,-48.401196,1.097989
48,20,30.780087,-48.401196,1.097989
48,21,42.195784,-19.798763,3.103951
48,22,42.195784,-19.798763,3.103951
48,23,0.000000,-26.727833,3.017442
48,24,0.000000,-26.727833,3.017442
49,1,0.000000,-26.727833,3.017442
49,2,0.000000,-26.727833,3.017442
49,3,0.000000,0.000000,5.000000
49,4,0.000000,0.000000,5.000000
49,5,0.000000,0.000000,5.000000
49,6,0.000000,-26.727833,3.017442
49,7,0.000000,-26.727833,3.017442
49,8,0.000000,-26.727833,3.017442
49,9,42.195784,-19.798763,3.103951
49,10,42.195784,-19.798763,3.103951
49,11,42.195784,-19.798763,3.103951
49,12,42.195784,-19.798763,3.103951
49,13,42.195784,-19.798763,3.103951
49,14,42.195784,-19.798763,3.103951
49,15,42.195784,-19.798763,3.103951
49,16,42.195784,-19.798763,3.103951
49,17,42.195784,-19.798763,3.103951
49,18,30.780087,-48.401196,1.097989
49,19,30.780087,-48.401196,1.097989
49,20,30.780087,-48.401196,1.097989
49,21,42.195784,-19.798763,3.103951
49,22,42.195784,-19.798763,3.103951
49,23,0.000000,-26.727833,3.017442
49,24,0.000000,-26.727833,3.017442
50,1,0.000000,-26.727833,3.017442
50,2,0.000000,-26.727833,3.017442
50,3,0.000000,0.000000,5.000000
50,4,0.000000,0.000000,5.000000
50,5,0.000000,0.000000,5.000000
50,6,0.000000,-26.727833,3.017442
50,7,0.000000,-26.727833,3.017442
50,8,0.000000,-26.727833,3.017442
50,9,42.195784,-19.798763,3.103951
50,10,42.195784,-19.798763,3.103951
50,11,42.195784,-19.798763,3.103951
50,12,42.195784,-19.798763,3.103951
50,13,42.195784,-19.798763,3.103951
50,14,42.195784,-19.798763,3.103951
50,15,42.195784,-19.798763,3.103951
50,16,42.195784,-19.798763,3.103951
50,17,42.195784,-19.798763,3.103951
50,18,30.780087,-48.401196,1.097989
50,19,30.780087,-48.401196,1.097989
50,20,30.780087,-48.401196,1.097989
50,21,42.195784,-19.798763,3.103951
50,22,42.195784,-19.798763,3.103951
50,23,0.000000,-26.727833,3.017442
50,24,0.000000,-26.727833,3.017442
