scenario,gen_uid,HR_1,HR_2,HR_3,HR_4,HR_5,HR_6,HR_7,HR_8,HR_9,HR_10,HR_11,HR_12,HR_13,HR_14,HR_15,HR_16,HR_17,HR_18,HR_19,HR_20,HR_21,HR_22,HR_23,HR_24
1,WIND_1,1.071384,1.044446,0.997505,1.001771,1.092157,1.056621,1.030488,0.924377,1.075327,0.863309,0.968160,1.093969,0.918489,0.887562,1.002642,1.008169,0.992037,1.080935,1.066333,1.036982,1.033915,0.997634,0.968283,0.940917
1,WIND_2,1.018298,1.047820,0.990246,1.021235,1.106070,1.081997,1.060200,0.921637,1.058068,0.882007,0.926898,1.106962,0.823769,0.915126,1.035469,1.011706,1.029477,1.147115,1.046925,1.056206,1.057952,0.993478,1.043757,0.851704
1,WIND_3,0.991709,1.015309,0.970990,1.039675,1.112984,1.041485,1.072807,0.927946,1.132171,0.947414,0.915650,1.061531,0.815858,0.949427,1.019107,1.008243,1.052348,1.041895,1.016265,1.045287,1.044672,0.959195,1.009025,0.947253
1,SOLAR_1,1.000000,1.000000,1.000000,1.000000,1.000000,1.000000,1.066002,1.256354,1.054281,1.083726,1.000000,0.709242,1.000000,1.037247,0.924871,1.062287,1.127825,0.979940,0.995376,1.000000,1.000000,1.000000,1.000000,1.000000
1,SOLAR_2,1.000000,1.000000,1.000000,1.000000,1.000000,1.000000,1.072298,1.236352,1.061475,1.133919,1.208809,0.707136,1.045409,0.950270,0.944740,1.013231,1.101314,0.945736,1.030810,1.000000,1.000000,1.000000,1.000000,1.000000
2,WIND_1,0.959865,0.998540,1.033691,1.021958,1.075783,1.073393,1.012180,1.018511,1.007904,1.012383,0.925560,0.987576,1.044011,0.882896,0.998823,1.037687,0.940867,0.919610,0.964128,0.999957,1.016406,0.977466,0.937655,1.060986
2,WIND_2,0.966718,0.972786,1.023646,1.047829,1.144976,0.981970,1.024462,1.035668,0.991324,0.975162,0.967223,1.029608,0.988405,0.885261,0.981471,1.025029,1.003859,0.938404,0.990386,1.042751,0.999854,0.993831,1.017893,1.075680
2,WIND_3,0.980190,1.023802,1.061755,1.031404,1.127431,1.015709,1.068180,1.030942,1.029990,1.001394,0.941239,0.974757,1.002994,0.920450,0.958620,0.981749,0.979539,0.977449,0.955458,0.991079,0.996295,1.009798,0.970119,1.060050
2,SOLAR_1,1.000000,1.000000,1.000000,1.000000,1.000000,1.000000,0.939651,1.071723,0.954834,0.927247,1.000000,0.894173,1.000000,1.372382,0.968444,0.990343,1.128998,1.130608,1.194723,1.000000,1.000000,1.000000,1.000000,1.000000
2,SOLAR_2,1.000000,1.000000,1.000000,1.000000,1.000000,1.000000,0.855463,1.056816,0.922092,0.939612,0.947508,0.752586,0.989272,1.128963,0.973874,0.950989,1.124409,1.064020,1.265394,1.000000,1.000000,1.000000,1.000000,1.000000
3,WIND_1,0.938585,0.966130,1.070489,0.934472,0.952192,1.047017,1.005708,0.983214,1.000987,0.964244,0.982444,1.011559,0.997935,0.995742,1.050209,1.019994,0.908140,0.964683,1.050925,0.943671,0.928509,0.985281,1.027818,1.046809
3,WIND_2,0.939386,0.935235,1.050193,0.857468,0.949100,1.062010,0.984587,0.960855,0.998079,0.946142,0.975363,0.973733,1.060092,0.969650,1.041755,0.963690,0.882172,1.048377,0.993070,1.021542,0.957928,1.000000,1.052916,1.058073
3,WIND_3,0.867064,0.986321,1.083699,0.923964,0.932475,0.974206,1.005209,1.008142,0.937096,0.975425,0.992173,0.972040,0.981853,1.044330,0.987838,0.969929,0.845240,0.991340,1.074409,0.991509,0.950763,1.013000,1.095990,1.035894
3,SOLAR_1,1.000000,1.000000,1.000000,1.000000,1.000000,1.000000,0.928277,1.121200,1.112598,0.984878,1.000000,1.270282,0.926765,1.010544,0.841664,1.270233,1.248981,0.857343,1.143719,1.000000,1.000000,1.000000,1.000000,1.000000
3,SOLAR_2,1.000000,1.000000,1.000000,1.000000,1.000000,1.000000,0.793914,1.017598,1.187742,1.029926,1.212854,1.036883,0.904788,0.972987,0.863636,1.121788,1.295523,0.883719,1.147322,1.000000,1.000000,1.000000,1.000000,1.000000
4,WIND_1,0.792796,1.057971,1.080463,0.982157,1.036526,0.877097,0.902847,1.181900,1.053995,0.992272,0.969418,1.082945,0.972742,1.074378,1.050585,1.003536,1.064667,0.873356,1.001775,0.909452,1.030685,1.000000,1.018518,0.929777
4,WIND_2,0.846663,1.087680,1.131322,1.005535,0.995114,0.879127,0.907599,1.110446,1.023832,0.962552,0.957895,1.116862,1.017225,1.006702,1.045657,1.006394,1.014255,0.866461,1.095051,0.941377,1.011090,1.000000,1.052916,0.924756
4,WIND_3,0.861713,1.031195,1.102729,0.944284,0.950531,0.892923,0.941037,1.100606,1.047813,0.972636,0.975838,1.060586,1.002204,1.085009,1.045779,1.034159,1.045417,0.944496,1.113386,0.972330,1.039354,1.041206,1.040631,0.928412
4,SOLAR_1,1.000000,1.000000,1.000000,1.000000,1.000000,1.000000,1.179885,0.784512,0.994544,0.997418,1.000000,0.830961,0.913086,0.965125,0.690373,0.980745,0.930209,1.175998,0.992522,1.000000,1.000000,1.000000,1.000000,1.000000
4,SOLAR_2,1.000000,1.000000,1.000000,1.000000,1.000000,1.000000,1.150815,0.820139,1.018582,1.014063,1.037634,0.735243,0.905255,0.934559,0.727824,0.917285,0.861838,1.065029,0.995754,1.000000,1.000000,1.000000,1.000000,1.000000
5,WIND_1,0.975286,0.966805,0.986489,1.088689,0.887191,0.984379,1.089707,0.927927,1.013425,0.977233,0.997955,0.951630,0.933352,0.933008,0.870082,1.086235,0.954071,1.009721,0.963747,1.003410,1.033915,0.929552,1.014172,1.050229
5,WIND_2,1.014024,0.971112,1.022115,1.100699,0.796182,1.015608,1.084340,0.919910,0.941107,0.935191,1.013839,0.960906,0.947302,0.980860,0.884482,0.998330,0.962604,1.046038,0.948645,1.045196,1.086204,1.000000,1.052916,0.942439
5,WIND_3,1.010320,0.959554,1.000857,1.054812,0.864983,0.958120,1.078390,0.973202,0.940864,1.015151,0.975874,0.919139,0.977235,0.953049,0.934413,1.004184,1.003833,0.987048,0.978053,1.023299,1.023340,1.000109,1.004338,1.008310
5,SOLAR_1,1.000000,1.000000,1.000000,1.000000,1.000000,1.000000,0.808479,1.031275,1.107863,1.035650,1.000000,0.913965,1.000000,1.201518,0.993576,1.014217,1.046421,0.907052,1.224153,1.000000,1.000000,1.000000,1.000000,1.000000
5,SOLAR_2,1.000000,1.000000,1.000000,1.000000,1.000000,1.000000,0.792905,1.004570,1.120123,1.074355,1.028916,0.872727,1.045409,1.056003,1.052521,0.940276,1.058069,0.937234,1.270693,1.000000,1.000000,1.000000,1.000000,1.000000
6,WIND_1,1.048398,0.931960,1.023872,0.979847,1.018440,0.955228,1.026872,0.931028,1.058814,1.028034,1.034190,1.014223,1.075096,1.000733,1.043272,0.924849,1.013788,0.999160,0.921470,0.902406,1.033915,0.952857,1.027818,1.004532
6,WIND_2,1.009596,0.942306,1.031437,0.897189,1.040537,0.950468,1.008843,0.927566,1.074420,0.986042,1.052188,1.025733,0.973606,0.961054,0.990985,0.922422,1.017611,1.053946,0.852934,1.000991,1.001507,0.947237,1.048351,1.016477
6,WIND_3,0.969402,0.936773,1.098064,0.925485,1.033019,0.964036,1.069339,0.971158,1.061474,1.062164,1.063771,1.003949,1.071317,0.935565,0.991907,0.993359,1.010258,0.980869,0.909694,0.967448,1.013244,0.999884,1.048450,0.989182
6,SOLAR_1,1.000000,1.000000,1.000000,1.000000,1.000000,1.000000,1.017286,1.075998,0.935753,0.850734,0.909140,0.824839,0.876983,1.151175,0.980901,1.108257,1.008187,0.973407,1.083258,1.000000,1.000000,1.000000,1.000000,1.000000
6,SOLAR_2,1.000000,1.000000,1.000000,1.000000,1.000000,1.000000,1.027071,1.073388,0.966784,0.878650,0.931232,0.754095,0.819871,1.100686,1.016503,1.027070,1.047875,0.944758,1.044127,1.000000,1.000000,1.000000,1.000000,1.000000
7,WIND_1,1.078206,0.961137,0.999646,1.003900,0.869839,1.088645,0.958356,1.021354,1.033509,0.933569,0.948986,1.062267,1.015146,0.950727,1.085110,0.979084,0.981766,1.066278,1.023247,1.036982,0.947480,0.954896,0.968160,1.017315
7,WIND_2,1.118183,1.019450,1.044551,1.043173,0.728116,1.009769,0.960231,0.949608,0.983356,0.962802,0.957996,1.088720,1.090297,0.947004,1.023226,0.962797,1.003784,1.042605,1.017665,1.091761,1.042647,1.000000,1.046241,0.950610
7,WIND_3,1.022268,1.044427,1.023263,0.978356,0.914602,1.055758,1.053130,1.038513,1.049365,0.983177,1.003963,1.022333,1.057837,0.939629,1.120572,0.948884,0.983666,1.014258,1.048279,1.087574,1.026586,0.969525,0.992481,0.992487
7,SOLAR_1,1.000000,1.000000,1.000000,1.000000,1.000000,1.000000,0.869914,1.054084,0.950793,0.947810,1.000000,0.996988,1.000000,1.132892,0.874949,1.045956,0.975822,1.044841,0.890508,1.000000,1.000000,1.000000,1.000000,1.000000
7,SOLAR_2,1.000000,1.000000,1.000000,1.000000,1.000000,1.000000,0.898108,1.148546,0.962655,1.053204,1.173114,0.919373,0.936194,1.128963,0.930251,0.981674,0.967445,1.024413,0.917469,1.000000,1.000000,1.000000,1.000000,1.000000
8,WIND_1,0.992628,1.033298,0.989433,1.044154,0.970444,0.959867,0.950086,0.929424,1.093108,0.860077,0.959120,1.016025,1.085406,1.027886,0.985214,0.908093,0.962891,0.836797,0.984098,1.012867,0.986686,1.000000,1.000176,1.121975
8,WIND_2,0.958374,1.055716,1.028525,1.031281,0.961644,1.006617,0.990812,0.851123,1.086152,0.893918,0.923481,1.057454,1.204400,1.108546,1.018194,0.864860,1.005483,0.861684,0.995888,1.067925,0.987454,1.000000,0.919463,1.084391
8,WIND_3,1.000815,1.028075,0.960606,1.028938,0.916405,1.033480,0.985066,0.837120,1.064028,0.900816,0.919846,1.022152,1.082814,1.052797,1.009124,0.846569,0.906545,0.728481,1.026815,1.108090,1.014464,1.089280,0.951830,1.073217
8,SOLAR_1,1.000000,1.000000,1.000000,1.000000,1.000000,1.000000,1.126333,1.199317,0.795854,1.280736,1.000000,0.853937,0.676595,0.816169,0.930570,1.308241,0.950735,1.264750,1.054019,1.000000,1.000000,1.000000,1.000000,1.000000
8,SOLAR_2,1.000000,1.000000,1.000000,1.000000,1.000000,1.000000,1.121105,1.165349,0.730161,1.352284,1.269254,0.810274,0.743824,0.831259,0.976068,1.154603,0.970143,1.354881,1.087089,1.000000,1.000000,1.000000,1.000000,1.000000
9,WIND_1,0.959337,1.118449,1.121658,1.060480,1.011510,1.126291,1.043642,1.023761,1.094531,0.944951,1.003717,0.963292,0.841035,0.848096,1.046352,0.843059,0.927918,1.014448,0.973048,1.036982,1.033915,0.973749,0.875307,0.954887
9,WIND_2,0.984233,1.229137,1.140077,1.075213,1.072755,1.047294,1.058402,1.028500,1.084294,0.911847,1.047498,1.034242,0.858371,0.884162,1.084151,0.833927,0.954256,1.010529,0.996771,1.242152,1.039366,1.000000,0.856183,0.882707
9,WIND_3,0.940188,1.145261,1.165504,0.999409,1.038280,1.154789,1.064332,1.009409,1.132318,0.967831,1.051925,1.025004,0.870158,0.812760,1.097764,0.921320,0.994434,0.999567,1.026490,1.133891,1.048380,1.004908,0.906752,0.935418
9,SOLAR_1,1.000000,1.000000,1.000000,1.000000,1.000000,1.000000,0.752500,0.762571,0.914668,1.079763,1.000000,0.967446,1.000000,1.296536,0.830278,1.335606,1.103035,0.957974,0.853432,1.000000,1.000000,1.000000,1.000000,1.000000
9,SOLAR_2,1.000000,1.000000,1.000000,1.000000,1.000000,1.000000,0.698059,0.752328,0.904150,1.079151,1.039606,0.900227,1.045409,1.128963,0.908049,1.285156,1.059240,1.003667,0.839276,1.000000,1.000000,1.000000,1.000000,1.000000
10,WIND_1,1.098791,0.973383,1.078890,1.052210,1.007735,1.019915,0.894577,0.972625,0.989150,0.948568,1.035723,0.992499,1.044643,1.041841,1.088324,1.049124,1.019658,0.947082,1.062899,0.896207,1.003915,1.000000,1.027818,1.004826
10,WIND_2,1.122849,1.045040,1.145452,1.038016,1.026406,0.989618,0.910420,0.968905,0.932125,0.870240,1.046291,1.010766,0.987332,1.041549,1.023682,1.017379,0.960280,0.917873,1.022218,0.943133,0.972604,1.000000,1.052916,0.979585
10,WIND_3,1.129325,1.032447,1.172710,0.972763,0.952887,1.050177,0.910183,0.993887,0.953973,0.935920,1.059397,1.003803,1.038532,1.077361,1.032589,1.045968,0.997743,0.965577,1.040725,0.914822,1.048380,1.066507,1.010296,0.940691
10,SOLAR_1,1.000000,1.000000,1.000000,1.000000,1.000000,1.000000,1.195512,0.920032,1.064547,1.024725,1.000000,0.897081,0.989369,0.925010,0.873948,0.981553,1.036720,1.056890,0.919379,1.000000,1.000000,1.000000,1.000000,1.000000
10,SOLAR_2,1.000000,1.000000,1.000000,1.000000,1.000000,1.000000,1.218407,0.978447,1.084879,1.057730,0.963317,0.854897,0.967193,0.905871,0.888041,0.950825,1.011645,1.026166,0.949880,1.000000,1.000000,1.000000,1.000000,1.000000
11,WIND_1,0.962693,0.955155,1.012032,1.013506,1.037360,1.057867,1.055364,0.942913,1.013058,1.205912,0.964095,1.056778,0.962888,0.959341,0.957062,0.986138,1.067098,1.054666,1.005165,0.913250,1.012205,1.000000,1.011356,0.992060
11,WIND_2,0.945815,0.954317,1.013210,1.009558,1.042519,1.057427,1.176618,0.919281,1.019525,1.114241,0.926573,1.047402,0.936638,0.943239,0.962648,0.889280,1.016551,1.040226,0.979127,0.997597,0.973862,1.000000,1.015024,0.938357
11,WIND_3,0.929450,0.996967,0.995984,1.018313,1.035719,0.964335,1.074118,0.857746,1.000549,1.122724,0.948964,1.053689,0.952858,0.969355,0.946587,0.916742,0.998607,1.044751,1.036620,0.977658,1.041866,1.050013,1.015632,0.939215
11,SOLAR_1,1.000000,1.000000,1.000000,1.000000,1.000000,1.000000,0.770732,1.083966,0.896487,0.814080,1.000000,0.700513,1.000000,1.151246,1.039438,1.309590,0.868951,0.865805,0.951966,1.000000,1.000000,1.000000,1.000000,1.000000
11,SOLAR_2,1.000000,1.000000,1.000000,1.000000,1.000000,1.000000,0.672278,1.135012,0.940390,0.863543,1.271533,0.699603,1.045409,1.062531,1.089175,1.157124,0.873875,0.935100,0.967329,1.000000,1.000000,1.000000,1.000000,1.000000
12,WIND_1,1.065780,0.811116,1.031542,0.984926,0.942293,0.915541,0.948824,0.971673,1.014345,1.007365,1.018074,0.950872,0.848248,0.986496,1.131597,0.979068,0.964070,0.931514,0.914106,1.036982,0.933176,1.000000,1.026205,0.983606
12,WIND_2,1.101847,0.893612,0.979043,1.033084,0.946380,0.934224,1.015018,0.946623,1.031884,0.993553,1.023348,0.930457,0.905591,0.928083,1.145851,1.014746,0.894541,0.946542,0.885767,1.028201,0.928493,1.000000,1.052916,0.973419
12,WIND_3,1.115057,0.872863,0.995987,1.022953,0.901684,0.949451,1.014295,0.990542,1.022287,0.996739,1.050902,0.939121,0.952303,0.954355,1.076924,1.001330,0.951672,0.982990,0.929015,0.998135,0.959099,1.020200,1.063608,1.013521
12,SOLAR_1,1.000000,1.000000,1.000000,1.000000,1.000000,1.000000,0.913242,1.150853,1.032922,0.848915,0.815796,1.012993,1.000000,1.105336,0.672916,1.120558,0.995478,1.158569,1.217367,1.000000,1.000000,1.000000,1.000000,1.000000
12,SOLAR_2,1.000000,1.000000,1.000000,1.000000,1.000000,1.000000,0.955876,1.050650,1.049574,0.882705,0.787381,1.030992,1.045409,1.036990,0.659801,1.003962,1.039509,1.239490,1.292718,1.000000,1.000000,1.000000,1.000000,1.000000
13,WIND_1,1.027057,0.961941,1.047308,0.917210,1.013631,0.989035,0.999590,0.999647,0.876478,0.775342,1.044206,1.032859,0.953330,1.146555,1.034742,0.930316,1.041829,0.990427,1.038749,0.932620,0.955753,1.000000,1.027818,1.036716
13,WIND_2,0.985905,0.985884,1.001195,0.857320,1.027417,1.041871,1.001226,0.987668,0.877238,0.853462,1.053295,1.046311,1.009508,1.187571,1.106555,0.948388,1.038301,1.010244,1.021694,0.902036,0.942717,1.000000,1.052916,0.986235
13,WIND_3,0.989858,0.977756,1.050316,0.901775,1.051298,0.999746,0.981723,1.034745,0.930221,0.877554,1.115056,1.005477,1.045616,1.161349,1.048768,0.952468,1.016446,1.022034,0.996797,0.950604,1.020435,1.059816,1.100424,1.028243
13,SOLAR_1,1.000000,1.000000,1.000000,1.000000,1.000000,1.000000,0.902443,0.893815,1.167236,1.263400,0.711374,0.930058,1.000000,0.695821,0.831918,1.332515,1.018101,1.005994,1.088940,1.000000,1.000000,1.000000,1.000000,1.000000
13,SOLAR_2,1.000000,1.000000,1.000000,1.000000,1.000000,1.000000,0.960344,0.937177,1.190876,1.379528,0.665688,0.856029,0.986022,0.659803,0.775625,1.182602,0.992011,1.032086,1.059858,1.000000,1.000000,1.000000,1.000000,1.000000
14,WIND_1,0.853843,1.164288,0.975889,0.993891,0.982046,0.977861,1.005764,1.010572,1.076601,1.080409,0.905970,0.999757,1.039383,0.956524,1.088650,1.027992,0.926848,1.100931,1.125329,1.036982,1.033915,0.969188,1.001647,1.142346
14,WIND_2,0.934471,1.090866,1.005129,1.034786,1.001030,1.032373,0.991819,0.923973,1.077825,1.055184,0.956452,1.002623,1.012223,0.980592,1.089707,0.997272,0.915233,1.065824,1.044702,1.176206,1.046159,0.967437,0.939368,1.095737
14,WIND_3,0.919124,1.054966,0.993894,1.023083,0.973425,0.964797,1.054332,0.974799,1.079731,1.104043,0.958925,1.010787,1.081459,0.988361,1.056785,1.023153,0.848714,1.027392,1.052849,1.133891,1.048380,1.000197,1.000056,1.116735
14,SOLAR_1,1.000000,1.000000,1.000000,1.000000,1.000000,1.000000,0.894292,1.038010,0.779190,0.819638,1.000000,0.905033,1.000000,1.158943,0.967255,0.985760,1.231128,0.672256,0.927147,1.000000,1.000000,1.000000,1.000000,1.000000
14,SOLAR_2,1.000000,1.000000,1.000000,1.000000,1.000000,1.000000,0.888207,1.122311,0.720900,0.824385,1.271018,0.823596,0.911478,1.043169,0.981883,0.955867,1.241316,0.693511,0.939163,1.000000,1.000000,1.000000,1.000000,1.000000
15,WIND_1,1.020809,0.932056,0.929539,0.954975,1.098210,1.022534,1.120564,0.977928,0.925732,1.080634,0.888132,1.055775,0.923467,1.016027,1.005578,0.999716,1.120480,0.996697,0.866383,1.036982,1.033915,0.717770,1.027818,0.969418
15,WIND_2,1.023616,0.934000,0.924223,0.957042,1.107065,1.059981,1.106365,0.989970,0.934867,1.009980,0.806479,1.106329,0.873814,1.022627,0.988723,0.966328,1.098544,0.986653,0.915314,1.072135,1.193250,0.789877,1.052916,0.953318
15,WIND_3,1.064535,0.979006,0.906735,0.952542,1.078975,1.009729,1.081074,0.949498,0.943671,1.023088,0.897760,1.042049,0.927578,0.970437,0.964579,0.973767,1.087111,1.013981,0.921948,1.087020,1.048380,0.817539,1.073474,0.988050
15,SOLAR_1,1.000000,1.000000,1.000000,1.000000,1.000000,1.000000,0.811598,1.068363,1.038608,0.974085,1.000000,1.050235,1.000000,0.838156,0.845827,1.051416,0.768726,1.036954,1.591157,1.000000,1.000000,1.000000,1.000000,1.000000
15,SOLAR_2,1.000000,1.000000,1.000000,1.000000,1.000000,1.000000,0.744482,1.040752,1.030952,1.010961,1.303336,1.027107,1.045409,0.851389,0.855747,0.966678,0.736907,1.009094,1.374696,1.000000,1.000000,1.000000,1.000000,1.000000
16,WIND_1,1.031765,0.987581,0.976948,0.960052,0.970076,1.000881,1.080952,0.986617,0.992832,0.834136,0.999303,0.992104,1.098367,0.980033,1.001601,1.047760,0.925930,1.130945,1.044575,1.036982,0.950859,0.936423,1.027818,1.039833
16,WIND_2,1.032877,1.007371,0.966123,1.002172,0.982512,1.007512,1.143620,0.963389,0.970350,0.941839,1.067852,0.980846,1.057772,0.954033,1.008463,0.976786,0.914562,1.074983,1.130604,1.072053,1.006838,0.946202,1.043186,1.042282
16,WIND_3,1.005946,1.003070,0.958105,0.969505,0.977699,1.011079,1.074936,0.995253,0.860395,0.889476,1.024948,0.987654,1.088049,0.995709,1.021453,1.003415,0.954259,1.115077,1.051778,1.128788,0.974703,0.959266,1.042950,1.029467
16,SOLAR_1,1.000000,1.000000,1.000000,1.000000,1.000000,1.000000,0.858708,0.993256,1.117509,1.103073,0.911271,1.092814,0.827561,0.896616,0.776335,0.965948,1.150336,0.785806,0.899635,1.000000,1.000000,1.000000,1.000000,1.000000
16,SOLAR_2,1.000000,1.000000,1.000000,1.000000,1.000000,1.000000,0.783673,0.967225,1.112020,1.129254,0.908951,1.036883,0.834773,0.897776,0.924985,0.848747,1.147399,0.723708,0.913177,1.000000,1.000000,1.000000,1.000000,1.000000
17,WIND_1,1.168594,0.993550,0.886422,1.021958,1.033735,0.884512,0.952425,0.857620,0.988122,1.093878,0.871162,0.999233,0.902739,1.026728,1.127475,1.015347,1.025404,0.989214,0.894117,0.978756,0.778329,0.906226,0.925486,0.934239
17,WIND_2,1.144469,1.006725,0.881575,0.994272,1.044508,0.884294,0.956816,0.903953,0.931384,1.140121,0.900900,1.061689,0.897940,1.094761,1.065808,0.992445,1.037167,0.983573,0.947123,0.960147,0.789011,0.917902,0.904989,0.976334
17,WIND_3,1.159170,1.022609,0.913325,0.985854,1.003526,0.868019,0.966030,0.872017,0.969186,1.192028,0.864883,0.979501,0.889110,1.066126,1.177067,1.023535,1.030107,0.973111,0.935026,1.025153,0.906251,0.927177,0.955514,1.018503
17,SOLAR_1,1.000000,1.000000,1.000000,1.000000,1.000000,1.000000,1.064230,1.265573,1.118941,0.699411,1.000000,1.003210,1.000000,0.852386,0.896802,0.960181,0.926770,0.912250,1.187311,1.000000,1.000000,1.000000,1.000000,1.000000
17,SOLAR_2,1.000000,1.000000,1.000000,1.000000,1.000000,1.000000,1.036280,1.344282,1.085542,0.551265,1.274401,0.934323,1.045409,0.835356,0.942098,0.881096,0.954389,0.918057,1.196819,1.000000,1.000000,1.000000,1.000000,1.000000
18,WIND_1,0.993198,0.900534,0.949678,1.023676,0.951458,1.090383,1.069433,1.123299,1.060475,1.015423,1.006025,0.970677,1.022439,1.069652,0.980128,1.094725,1.135110,0.896234,0.891981,1.036982,1.033915,0.987885,1.006000,0.838480
18,WIND_2,1.018557,0.815281,0.960137,1.041711,0.935772,1.138522,1.180959,1.108966,1.063746,1.095026,1.019957,0.996600,0.959072,1.024577,0.964694,1.095576,1.196205,0.909269,0.861617,1.102623,1.059155,1.000000,1.042992,0.806795
18,WIND_3,0.963708,0.845446,0.961374,1.040812,0.938065,1.036342,1.072381,1.089128,1.084040,1.028054,1.041650,1.003038,0.992966,1.109863,0.972873,1.031332,1.118782,0.921669,0.882003,1.071059,1.048380,1.028973,0.984252,0.869281
18,SOLAR_1,1.000000,1.000000,1.000000,1.000000,1.000000,1.000000,0.601529,0.860861,0.825434,0.932200,1.000000,1.133502,0.997786,0.918026,0.944940,1.011230,0.715210,1.213557,1.191172,1.000000,1.000000,1.000000,1.000000,1.000000
18,SOLAR_2,1.000000,1.000000,1.000000,1.000000,1.000000,1.000000,0.658635,0.904839,0.835179,1.010986,0.985970,1.036883,0.932073,0.883197,0.924669,0.954577,0.695097,1.110960,1.255794,1.000000,1.000000,1.000000,1.000000,1.000000
19,WIND_1,0.902958,1.081465,0.977838,1.111172,1.014274,1.004103,0.930057,0.824252,1.054661,0.989624,1.080630,0.894996,1.010167,1.004589,1.019512,1.046016,0.957418,1.041809,1.030727,0.965915,1.028926,0.969342,0.923743,1.089911
19,WIND_2,0.879237,1.071733,0.890622,1.161802,1.053442,0.961049,0.936150,0.767868,1.026880,1.001225,1.087284,0.938224,1.044861,0.994849,1.044931,1.018866,0.907669,1.027415,1.102242,0.989312,0.969683,0.924630,0.870370,1.026077
19,WIND_3,0.951307,1.046499,0.981496,1.154537,0.983375,0.976984,0.913192,0.808750,1.019227,1.033947,1.092754,0.903383,1.079750,1.042619,1.174000,1.021273,0.903466,1.028430,1.124711,0.983256,0.985638,0.892266,0.936643,1.049543
19,SOLAR_1,1.000000,1.000000,1.000000,1.000000,1.000000,1.000000,1.149039,1.442376,0.960872,0.967161,0.848934,1.184464,1.000000,1.172119,0.971007,1.153070,1.169875,1.146437,0.882473,1.000000,1.000000,1.000000,1.000000,1.000000
19,SOLAR_2,1.000000,1.000000,1.000000,1.000000,1.000000,1.000000,1.150693,1.326284,0.933862,0.941986,0.904852,1.036883,1.045409,1.128963,1.049756,1.061241,1.184463,1.065049,0.794371,1.000000,1.000000,1.000000,1.000000,1.000000
20,WIND_1,0.881309,0.925768,0.914635,1.038638,1.099420,0.908581,1.004927,1.069736,1.059083,0.951105,1.020661,0.873770,1.116419,0.988576,1.033996,1.090159,1.036680,1.118529,0.991837,1.035686,1.033915,0.983760,1.002153,0.906799
20,WIND_2,1.002119,0.971067,0.863477,1.075820,1.169449,0.892638,1.048381,1.010354,1.041548,0.908984,1.015878,0.976092,1.138772,0.956717,0.970797,1.020926,1.021941,1.065016,1.013638,0.994031,1.018561,0.950044,1.022325,0.929157
20,WIND_3,0.933270,0.947446,0.947228,1.021116,1.111198,0.925993,1.058696,1.044646,1.032800,0.932857,0.995911,0.969258,1.161751,1.003151,1.025586,1.023638,1.012852,1.136989,0.985565,1.053763,1.048380,1.035210,0.967339,0.928334
20,SOLAR_1,1.000000,1.000000,1.000000,1.000000,1.000000,1.000000,1.036685,0.791311,1.054830,1.092969,1.000000,1.152790,0.881403,1.126859,0.909081,0.883168,1.108235,0.804311,1.011784,1.000000,1.000000,1.000000,1.000000,1.000000
20,SOLAR_2,1.000000,1.000000,1.000000,1.000000,1.000000,1.000000,1.022614,0.784148,1.028704,1.140545,1.098013,1.036883,0.848579,1.070457,0.931365,0.929368,1.061566,0.801526,0.972852,1.000000,1.000000,1.000000,1.000000,1.000000
21,WIND_1,0.761235,1.065495,0.984224,0.944002,0.974043,1.053001,0.992290,1.021774,0.948788,1.007449,0.997124,1.040179,0.990779,1.016109,0.995187,0.998004,1.041082,0.966953,1.047204,0.979236,0.980214,1.000000,0.957481,0.911624
21,WIND_2,0.860515,1.057922,0.923592,0.964331,0.982994,1.100374,1.055754,0.922106,0.992592,1.001390,1.015849,1.061766,1.006980,0.991299,1.019243,0.967656,1.002803,0.998525,1.017110,1.024667,0.970132,1.000000,1.004363,0.930966
21,WIND_3,0.863910,1.033429,0.935514,0.942457,0.979950,1.042501,1.024931,0.991832,1.027906,1.052469,0.999879,0.997087,1.015554,1.026454,0.971340,0.971566,1.029594,0.986568,1.062442,1.049592,0.946243,1.090287,0.960310,0.967878
21,SOLAR_1,1.000000,1.000000,1.000000,1.000000,1.000000,1.000000,1.004254,1.136210,0.946272,0.995718,0.973261,1.035446,1.000000,0.872203,0.977171,0.975076,0.958422,0.919579,0.958904,1.000000,1.000000,1.000000,1.000000,1.000000
21,SOLAR_2,1.000000,1.000000,1.000000,1.000000,1.000000,1.000000,1.023898,1.151024,0.942929,0.950879,0.950754,1.036883,1.005894,0.831841,0.968589,0.962739,1.020543,0.905676,0.975130,1.000000,1.000000,1.000000,1.000000,1.000000
22,WIND_1,0.933813,1.070342,0.892693,0.923968,1.045761,0.958389,0.982155,0.985212,0.968751,0.891527,0.973327,0.739891,0.961167,0.952916,0.978760,0.978165,0.856004,1.042434,1.109525,0.936223,0.927940,0.979034,1.027818,1.040723
22,WIND_2,0.942455,1.060229,0.888087,0.960952,1.093165,0.943726,0.978789,0.916086,1.022733,0.912230,0.991275,0.870703,0.969631,0.952871,0.942412,0.893588,0.915718,1.085907,1.124904,1.051696,0.946798,0.966893,1.052916,1.067188
22,WIND_3,0.861056,1.048582,0.963098,0.895617,1.051620,1.026785,0.932896,0.913972,0.970653,0.883706,1.000713,0.850485,1.015689,0.977458,0.949044,0.876786,0.899391,1.082397,1.038331,1.069365,0.954369,1.006881,1.100541,1.082578
22,SOLAR_1,1.000000,1.000000,1.000000,1.000000,1.000000,1.000000,1.126090,1.116494,1.006588,1.232599,1.000000,1.217502,1.000000,0.892368,0.876116,1.201254,1.200132,0.698427,0.761530,1.000000,1.000000,1.000000,1.000000,1.000000
22,SOLAR_2,1.000000,1.000000,1.000000,1.000000,1.000000,1.000000,1.131241,1.119421,0.987500,1.315168,1.154970,1.036883,0.923171,0.881234,1.004848,1.081063,1.409970,0.837946,0.788043,1.000000,1.000000,1.000000,1.000000,1.000000
23,WIND_1,0.974335,1.024014,1.029746,1.027129,0.958087,0.965925,1.004572,1.040055,0.916817,1.096616,1.081359,0.990072,0.906599,1.017637,0.952240,1.061189,0.979324,0.901902,0.922552,0.961988,0.984415,0.932422,0.920211,1.090454
23,WIND_2,0.986817,1.025745,1.095906,1.064384,0.898418,0.943117,1.036412,1.039409,0.889302,1.043331,1.074762,1.034629,0.904103,1.008679,0.947716,1.063794,0.984170,0.924306,0.917827,0.990253,0.950076,0.961181,0.758726,1.078088
23,WIND_3,0.975923,1.022858,1.101433,1.029579,0.976218,0.973767,1.047430,0.996545,0.935536,1.115679,1.011575,0.984853,0.967124,1.050358,0.874664,1.065525,0.981790,0.899502,0.949414,0.980303,0.974637,0.968027,0.893998,1.075515
23,SOLAR_1,1.000000,1.000000,1.000000,1.000000,1.000000,1.000000,1.033700,0.911890,1.144647,0.693019,0.932723,0.976781,1.000000,1.003358,1.017034,1.114627,1.093912,1.052668,1.183394,1.000000,1.000000,1.000000,1.000000,1.000000
23,SOLAR_2,1.000000,1.000000,1.000000,1.000000,1.000000,1.000000,0.977064,0.966872,1.177144,0.735286,0.875195,0.860083,1.045409,0.922063,1.101431,1.044744,0.996078,1.048471,1.197842,1.000000,1.000000,1.000000,1.000000,1.000000
24,WIND_1,0.951492,0.991919,1.042206,1.098367,0.970267,0.917167,0.849204,0.940468,0.998233,1.064272,1.060831,0.957246,0.965831,1.044757,1.071594,1.131878,1.109354,0.962334,0.983017,0.920056,0.935630,0.998664,0.875851,1.024362
24,WIND_2,0.970499,0.983316,1.044884,1.060549,0.980614,0.919200,0.900119,0.925795,0.990993,0.984875,1.107812,0.966381,0.951795,1.114967,1.083541,1.078606,1.100442,0.968281,1.022991,0.979329,0.903080,1.000000,0.894395,0.968781
24,WIND_3,0.907197,1.007532,1.055613,1.065859,1.000675,0.887479,0.885918,0.850585,0.966989,1.006408,1.054857,0.952492,1.053615,1.041234,1.108317,1.056723,1.097509,0.930161,1.027010,0.866803,0.944451,1.026066,0.916944,1.022955
24,SOLAR_1,1.000000,1.000000,1.000000,1.000000,1.000000,1.000000,1.357636,0.956157,1.065708,0.838765,0.816660,1.200299,0.970768,0.883930,0.728137,0.882789,0.851522,1.196238,0.893017,1.000000,1.000000,1.000000,1.000000,1.000000
24,SOLAR_2,1.000000,1.000000,1.000000,1.000000,1.000000,1.000000,1.247381,0.951398,1.119727,0.908949,0.812919,1.036883,0.858168,0.892718,0.832417,0.841336,0.845258,1.202931,0.860149,1.000000,1.000000,1.000000,1.000000,1.000000
25,WIND_1,1.083770,1.082716,1.049205,0.934606,1.047319,0.995953,1.052625,1.027505,1.010231,1.016664,1.110488,0.862371,1.155395,1.132546,0.947314,0.969350,0.934560,0.962817,0.965672,1.036982,0.975582,0.978867,1.027818,1.037016
25,WIND_2,1.088792,1.174176,1.126741,0.947534,1.021299,0.946548,1.061843,1.004116,1.037709,1.015421,1.136441,0.946755,1.101232,1.179441,0.974508,0.979558,1.002654,1.031206,0.999751,1.046184,0.941559,1.000000,1.052325,1.011922
25,WIND_3,1.093461,1.086430,1.075242,0.935361,1.084539,0.995986,1.062631,0.940802,0.965342,1.032130,1.114403,0.879450,1.144771,1.121870,0.838067,0.934395,0.939433,1.001780,0.960219,1.061091,0.977471,0.993113,1.021178,1.009107
25,SOLAR_1,1.000000,1.000000,1.000000,1.000000,1.000000,1.000000,0.783757,1.102391,0.993982,0.986204,0.920110,1.313413,0.680528,0.705488,1.313310,1.169415,0.996956,1.097484,1.021186,1.000000,1.000000,1.000000,1.000000,1.000000
25,SOLAR_2,1.000000,1.000000,1.000000,1.000000,1.000000,1.000000,0.675914,1.121287,1.015088,1.007844,0.909796,1.036883,0.772118,0.704702,1.234013,1.072156,1.054739,1.119031,1.029345,1.000000,1.000000,1.000000,1.000000,1.000000
26,WIND_1,1.003504,1.104730,0.902739,1.014384,1.052724,1.034755,0.947660,0.883269,1.017883,1.102395,1.022514,0.987318,0.960337,0.950711,0.962444,1.182356,1.039033,1.073923,0.998913,1.036982,0.853086,0.965556,0.988136,0.898286
26,WIND_2,1.045912,1.015493,0.940207,1.009385,0.998555,1.084398,1.000223,0.938098,1.020231,1.036323,1.080877,0.993082,0.957541,0.952063,0.986490,1.030395,1.033483,1.057350,0.987901,1.007133,0.984303,0.958851,1.008869,0.844142
26,WIND_3,0.998314,1.070668,0.970017,0.966557,0.994009,1.093085,1.053286,0.875109,0.989990,1.039314,1.025214,0.969436,0.916288,0.952167,0.954639,1.083326,1.069478,0.994640,1.011852,1.011055,0.968427,0.977011,1.007523,0.881674
26,SOLAR_1,1.000000,1.000000,1.000000,1.000000,1.000000,1.000000,1.046074,1.147411,1.014864,0.818503,0.969407,0.990931,1.000000,1.119497,0.970415,0.919719,0.731659,1.001258,1.176446,1.000000,1.000000,1.000000,1.000000,1.000000
26,SOLAR_2,1.000000,1.000000,1.000000,1.000000,1.000000,1.000000,1.057047,1.184112,0.983208,0.773751,0.972016,0.979984,1.045409,1.128963,0.975836,0.899146,0.701916,1.030153,1.149785,1.000000,1.000000,1.000000,1.000000,1.000000
27,WIND_1,1.060157,1.032845,0.803555,1.000198,0.988644,1.027097,0.917835,1.120202,0.995799,0.999327,1.108643,0.890701,0.972975,1.014287,0.938849,1.141134,1.000347,0.997918,0.955936,1.003207,1.033915,1.000000,1.008551,0.909437
27,WIND_2,1.083678,0.987981,0.959178,0.941742,1.024526,1.016858,0.922482,1.187921,1.035623,0.999248,1.149431,0.880388,1.012650,1.077382,0.914896,1.064779,0.962436,1.042991,0.995468,0.962654,1.021275,1.000000,1.052916,0.880816
27,WIND_3,1.099832,1.010500,0.872008,0.936261,1.016502,1.067500,0.970955,1.063573,1.005307,0.955900,1.119823,0.912254,1.023304,1.032484,0.851819,1.048375,0.955459,1.034282,1.018026,1.038513,1.033893,1.082373,1.030164,0.904584
27,SOLAR_1,1.000000,1.000000,1.000000,1.000000,1.000000,1.000000,1.145513,0.889282,1.014883,0.889288,0.740165,1.347173,1.000000,1.030923,1.053052,0.804092,1.115922,0.870915,1.022994,1.000000,1.000000,1.000000,1.000000,1.000000
27,SOLAR_2,1.000000,1.000000,1.000000,1.000000,1.000000,1.000000,1.198699,0.915732,1.070166,0.910055,0.597059,1.036883,1.020654,1.003259,1.184452,0.697467,1.108664,0.809483,1.040735,1.000000,1.000000,1.000000,1.000000,1.000000
28,WIND_1,1.039058,1.083012,0.884837,0.930078,1.001346,1.026388,0.969098,1.113633,0.888261,1.029655,0.955631,0.969188,0.991898,1.081413,1.029879,0.943164,0.973650,0.901886,1.017364,0.963559,1.033915,0.837082,1.027818,0.930902
28,WIND_2,1.056850,1.090477,0.850419,0.921241,0.991643,0.937396,0.927841,1.052789,0.834537,1.043627,0.928849,0.967617,0.959259,1.092496,1.025897,0.997765,0.987008,0.982931,0.961553,0.959510,1.196610,0.878906,1.052916,0.862447
28,WIND_3,1.041686,1.053143,0.896945,0.871200,1.016656,0.975238,0.947596,1.116034,0.890508,1.063740,0.987309,0.962828,0.993202,1.042524,0.973324,0.952718,1.003177,0.963454,0.995635,0.975202,1.048380,0.826975,1.080001,0.916567
28,SOLAR_1,1.000000,1.000000,1.000000,1.000000,1.000000,1.000000,1.037465,0.864240,1.192384,0.834346,1.000000,1.023757,1.000000,0.946850,1.004839,1.060680,0.873791,1.074529,1.056514,1.000000,1.000000,1.000000,1.000000,1.000000
28,SOLAR_2,1.000000,1.000000,1.000000,1.000000,1.000000,1.000000,1.010801,0.875309,1.434482,0.863726,1.079495,0.951229,1.045409,0.906011,1.158609,1.025014,0.967078,1.044516,1.019830,1.000000,1.000000,1.000000,1.000000,1.000000
29,WIND_1,1.123425,0.890233,0.983738,1.024258,1.002150,0.863829,0.910628,1.017767,1.099991,1.047059,0.970068,0.942321,0.928169,1.013914,1.009810,0.923256,1.092996,0.954374,0.994497,1.014506,1.033915,0.975282,1.027818,0.972625
29,WIND_2,1.097738,0.960820,0.954751,1.030525,1.021761,0.934239,0.936409,0.991213,1.170386,1.037294,0.993413,0.991720,0.940873,1.020777,0.979554,0.944546,1.039805,0.970845,1.030105,1.031463,1.087669,1.000000,1.052916,0.973215
29,WIND_3,1.054914,0.975302,0.964593,0.998445,0.980151,0.924579,0.954639,0.987731,1.155440,1.031466,0.998985,0.961369,0.976074,1.057442,0.999622,0.974180,1.109274,0.940616,0.982442,1.046711,1.048380,1.036331,1.044786,0.944884
29,SOLAR_1,1.000000,1.000000,1.000000,1.000000,1.000000,1.000000,0.980043,0.876696,0.773672,0.786438,0.975426,1.102761,1.000000,1.094041,0.968915,1.319635,0.871453,0.893913,1.109988,1.000000,1.000000,1.000000,1.000000,1.000000
29,SOLAR_2,1.000000,1.000000,1.000000,1.000000,1.000000,1.000000,0.918280,0.898715,0.700866,0.806389,0.934098,1.036883,1.045409,0.947061,1.063419,1.271659,0.773561,0.953280,1.145050,1.000000,1.000000,1.000000,1.000000,1.000000
30,WIND_1,0.941051,0.904729,0.984355,0.919256,1.139155,1.240288,1.037809,1.036637,0.935366,1.026991,1.092277,0.957818,1.003667,1.080657,1.046542,0.981807,0.974083,1.100708,0.957839,0.945441,1.033915,0.967715,0.929418,1.027160
30,WIND_2,0.881074,0.952831,1.011926,0.929973,1.190588,1.158302,1.128512,1.089454,0.979424,0.970513,1.053690,0.946964,0.965715,1.012539,1.008514,1.039143,0.979326,1.339920,0.885952,1.038474,1.108982,0.961218,0.948199,1.054415
30,WIND_3,0.915249,0.978884,1.066056,0.912396,1.116318,1.184198,1.075093,1.048896,0.947265,1.036740,1.068194,0.957913,1.001892,1.028545,0.978647,0.992779,1.037518,1.158760,0.950432,1.052290,1.048380,0.911262,0.902072,0.978664
30,SOLAR_1,1.000000,1.000000,1.000000,1.000000,1.000000,1.000000,0.898250,0.903781,1.233687,0.991556,0.847799,1.141388,0.773295,0.845790,0.938731,1.073412,1.105909,0.657494,1.115709,1.000000,1.000000,1.000000,1.000000,1.000000
30,SOLAR_2,1.000000,1.000000,1.000000,1.000000,1.000000,1.000000,0.851772,0.931929,1.229616,1.007992,0.769438,1.036883,0.812854,0.868276,1.029011,1.014735,1.076076,0.669422,1.072993,1.000000,1.000000,1.000000,1.000000,1.000000
31,WIND_1,1.009932,0.973634,1.012089,1.061353,1.026438,1.025065,0.973497,0.921153,1.034150,0.991439,1.064244,0.921392,1.012250,1.031237,0.886187,0.949560,0.919368,1.077035,0.949985,0.854838,1.001543,0.901586,0.992070,0.888283
31,WIND_2,1.007368,1.000606,0.985199,1.078374,1.051627,0.956923,1.045339,0.985511,0.993561,1.035089,1.013271,0.880033,1.008076,1.026968,0.923418,0.978883,0.897391,1.152328,0.947796,0.674028,0.974791,0.807914,1.031899,0.937877
31,WIND_3,0.995372,1.026731,0.996566,1.096184,1.015482,0.953677,1.039490,0.908612,0.976266,1.030347,1.014355,0.914344,1.057869,1.047119,0.960250,0.934903,0.973881,1.079653,0.939883,0.839909,1.021848,0.881086,1.004007,0.983199
31,SOLAR_1,1.000000,1.000000,1.000000,1.000000,1.000000,1.000000,0.998424,1.136704,0.916622,1.052634,1.000000,1.153092,1.000000,0.790796,1.192988,1.029724,1.203082,0.875353,1.116454,1.000000,1.000000,1.000000,1.000000,1.000000
31,SOLAR_2,1.000000,1.000000,1.000000,1.000000,1.000000,1.000000,0.940464,1.158452,0.928957,1.106619,1.006866,1.036883,0.970688,0.825698,1.162025,0.978974,1.194743,0.898336,1.112839,1.000000,1.000000,1.000000,1.000000,1.000000
32,WIND_1,1.014668,1.107134,1.019127,0.996800,1.057136,0.911907,0.987913,0.891561,0.925384,0.972193,1.012336,0.892820,0.996730,0.945478,0.919381,0.906737,1.003149,0.882104,1.125989,1.036982,0.838638,1.000000,1.027818,1.055587
32,WIND_2,1.035558,1.095494,1.094208,1.044867,1.061183,0.927871,0.987210,0.886552,0.980238,0.962275,1.051510,0.960629,0.991462,0.972310,0.949808,0.867951,0.931549,0.872368,1.108940,1.169179,0.911784,1.000000,1.052916,1.086868
32,WIND_3,1.033209,1.134251,1.119827,0.986502,1.073233,0.924484,0.966867,0.934677,0.937272,0.979192,1.009767,0.930895,1.033454,1.023915,0.870217,0.864425,0.994732,0.860447,1.127010,1.133891,0.941374,1.000857,1.021945,1.069723
32,SOLAR_1,1.000000,1.000000,1.000000,1.000000,1.000000,1.000000,1.107458,1.185560,1.258536,1.020551,0.949916,1.137346,0.932527,0.992992,1.024295,1.349053,1.125708,1.259858,0.542660,1.000000,1.000000,1.000000,1.000000,1.000000
32,SOLAR_2,1.000000,1.000000,1.000000,1.000000,1.000000,1.000000,1.108704,1.225108,1.238926,1.021477,0.916487,1.036883,0.924803,0.908667,1.128325,1.365769,1.107058,1.343753,0.779784,1.000000,1.000000,1.000000,1.000000,1.000000
33,WIND_1,0.994941,0.923333,0.911045,1.092892,1.054001,1.043590,1.004872,1.124536,0.935954,0.928610,0.976240,0.779441,0.947832,1.017867,0.945091,1.103082,0.905988,1.008159,0.884854,0.927770,1.027952,0.878386,1.011556,1.042096
33,WIND_2,0.911526,0.944330,0.934744,1.044929,1.105124,1.065042,1.086643,1.112391,0.953294,0.948316,0.947498,0.926218,0.958419,0.988025,0.907368,1.131800,0.886759,0.971697,0.947745,0.929598,0.953081,0.913010,1.026044,1.032352
33,WIND_3,0.975522,0.981997,0.972846,1.015641,0.998497,1.121012,1.056975,1.126358,0.838437,0.944862,0.964242,0.969906,0.914799,0.972439,0.855256,1.093435,0.904125,1.017665,0.954111,1.006406,1.019314,0.991617,0.977564,0.987412
33,SOLAR_1,1.000000,1.000000,1.000000,1.000000,1.000000,1.000000,0.959737,0.697955,1.003517,1.019809,0.998419,1.281276,1.000000,1.112799,1.006670,0.856068,1.112962,0.963275,1.129451,1.000000,1.000000,1.000000,1.000000,1.000000
33,SOLAR_2,1.000000,1.000000,1.000000,1.000000,1.000000,1.000000,1.009823,0.687813,0.944577,1.050696,0.970687,1.036883,0.993775,1.010012,1.073983,0.822503,1.098193,1.004202,1.149543,1.000000,1.000000,1.000000,1.000000,1.000000
34,WIND_1,0.968235,0.980827,1.062748,1.097003,1.080119,0.974433,1.010688,1.001355,1.017542,0.918882,0.968671,1.034453,0.973987,0.957048,0.979096,0.921178,1.042156,1.027649,0.986836,1.036982,0.834420,1.000000,0.928288,1.176403
34,WIND_2,0.906472,0.982090,1.078811,1.057310,1.039134,1.044479,1.056184,0.962989,1.081145,0.924290,0.988611,0.995195,0.957617,1.011587,0.858104,0.882153,1.026646,1.006493,1.002763,1.020283,0.931883,1.000000,0.964278,1.105859
34,WIND_3,0.998046,1.036128,1.051116,1.042703,1.085102,1.028269,1.058493,0.969974,1.113851,0.893570,1.010106,1.007483,0.979266,1.036369,0.944715,0.900161,1.067774,1.057109,1.094306,1.005632,0.872647,1.060000,0.959474,1.116735
34,SOLAR_1,1.000000,1.000000,1.000000,1.000000,1.000000,1.000000,0.963969,1.214179,1.001562,1.174444,1.000000,1.091807,1.000000,1.013053,1.169254,1.237802,0.773799,0.866624,1.030520,1.000000,1.000000,1.000000,1.000000,1.000000
34,SOLAR_2,1.000000,1.000000,1.000000,1.000000,1.000000,1.000000,0.998783,1.236240,0.953695,1.223507,1.029374,1.015029,1.045409,0.927352,1.193449,1.154095,0.725676,0.862130,1.020686,1.000000,1.000000,1.000000,1.000000,1.000000
35,WIND_1,0.862315,0.918826,1.029263,1.001119,0.969328,1.144360,0.930821,0.930664,1.063762,0.861804,0.939716,0.975399,1.025599,1.002110,1.013909,0.970707,1.038139,1.091268,0.939694,0.993677,1.033915,1.000000,1.027818,0.998965
35,WIND_2,0.899010,0.955365,1.079999,1.004763,0.969809,1.171534,0.979379,0.898952,1.078701,0.925907,0.946571,1.016514,0.989725,1.018121,1.029849,0.885124,1.001924,1.104998,0.953184,0.985706,1.103536,1.000000,1.052916,0.986056
35,WIND_3,0.867684,0.958887,1.011245,0.992406,0.942478,1.180145,1.016258,0.881212,1.114390,0.951035,0.951125,1.005873,1.055405,1.001850,1.043156,0.947065,0.947515,1.041643,0.932621,0.981065,1.048380,1.019800,1.064343,0.997315
35,SOLAR_1,1.000000,1.000000,1.000000,1.000000,1.000000,1.000000,1.143444,0.999168,0.909619,1.075456,1.000000,1.157360,0.876171,1.036187,0.920285,1.119971,0.931497,0.935157,1.159480,1.000000,1.000000,1.000000,1.000000,1.000000
35,SOLAR_2,1.000000,1.000000,1.000000,1.000000,1.000000,1.000000,1.145588,0.977197,0.894222,1.129199,1.099109,1.036883,0.961593,0.950836,0.912566,1.026770,0.965596,0.942893,1.141773,1.000000,1.000000,1.000000,1.000000,1.000000
36,WIND_1,1.063476,0.914396,1.018715,0.941484,0.928551,0.960942,1.027496,1.050102,0.918441,0.996369,0.902940,0.990453,0.920260,0.918706,1.007412,1.006662,1.125951,0.960829,1.062378,0.879192,0.995603,0.986730,0.891158,1.131077
36,WIND_2,1.003720,0.892547,1.037855,0.983955,0.960941,1.042197,1.104611,1.027166,0.904833,1.029580,0.924051,1.021902,0.887989,0.831378,1.054115,1.005940,1.109174,1.009692,1.078250,0.900809,1.003524,1.000000,1.005900,1.044910
36,WIND_3,1.054761,0.972482,1.104194,1.013910,0.917548,1.004185,1.035711,1.017021,0.940411,1.032913,0.915981,0.974051,0.896207,0.900367,1.102701,1.037462,1.089326,0.967550,1.075105,0.770991,1.048380,0.993989,0.911072,1.103997
36,SOLAR_1,1.000000,1.000000,1.000000,1.000000,1.000000,1.000000,0.996812,0.896033,1.240845,0.736048,1.000000,1.000468,1.000000,1.319596,0.697410,0.897855,0.867776,0.893307,0.709809,1.000000,1.000000,1.000000,1.000000,1.000000
36,SOLAR_2,1.000000,1.000000,1.000000,1.000000,1.000000,1.000000,0.892605,0.876671,1.395074,0.824333,1.162444,0.941262,1.045409,1.128963,0.808465,0.938463,0.942691,0.928659,0.747194,1.000000,1.000000,1.000000,1.000000,1.000000
37,WIND_1,1.021393,0.905915,1.015554,0.992451,1.008894,1.069241,1.059803,0.962820,1.003908,0.992100,0.996987,1.010922,1.105752,1.102337,1.013528,1.149499,1.005401,0.871054,1.063535,0.962577,1.033915,0.923167,0.940160,1.024389
37,WIND_2,1.015027,0.919087,1.008508,0.981323,1.060853,1.071891,1.043985,0.980689,0.995784,1.073127,1.042230,1.029905,1.062616,1.116376,1.013144,1.205863,0.986590,0.884695,1.030624,1.002787,1.033637,0.927621,0.890349,0.973422
37,WIND_3,0.987034,0.970503,1.055371,1.027202,1.057911,1.055333,1.031423,1.028181,0.969013,1.085195,1.034533,1.028326,1.056747,1.100235,1.025340,1.131789,1.014522,0.886380,1.060207,0.950215,1.048380,0.980898,0.946732,1.014758
37,SOLAR_1,1.000000,1.000000,1.000000,1.000000,1.000000,1.000000,1.047904,0.900119,1.122700,0.866983,1.000000,0.984592,0.858979,0.709530,1.135132,0.826635,0.990383,1.185767,1.020593,1.000000,1.000000,1.000000,1.000000,1.000000
37,SOLAR_2,1.000000,1.000000,1.000000,1.000000,1.000000,1.000000,1.060781,0.932209,1.178634,0.934097,1.029454,0.906571,0.822527,0.724697,1.054247,0.691913,1.001629,1.157005,1.036243,1.000000,1.000000,1.000000,1.000000,1.000000
38,WIND_1,0.980302,1.016987,1.066154,0.994796,1.046170,0.997263,0.891029,1.024800,1.038040,1.051379,1.033272,0.934122,0.955692,0.984557,1.154984,1.259349,1.117765,1.047267,1.109539,0.912321,1.003445,0.942178,1.015983,1.127326
38,WIND_2,0.957370,1.003279,1.102070,0.991822,1.033028,0.984003,0.900704,1.019420,1.027215,1.040821,1.046436,0.966947,0.945492,1.011082,1.124200,1.111895,1.085362,0.975553,1.105936,0.961275,1.025808,1.000000,1.019886,1.118031
38,WIND_3,0.956137,1.003560,1.116723,0.978923,0.991868,1.018603,0.947641,1.058036,1.054941,1.106742,1.098523,0.977363,0.936837,0.996805,1.185880,1.085646,1.038342,0.969332,1.150490,0.871185,1.048380,1.036219,1.021872,1.116735
38,SOLAR_1,1.000000,1.000000,1.000000,1.000000,1.000000,1.000000,1.121632,0.868392,0.928641,0.863791,0.910867,1.152533,1.000000,1.181647,0.763074,0.907315,0.998298,0.946471,0.860946,1.000000,1.000000,1.000000,1.000000,1.000000
38,SOLAR_2,1.000000,1.000000,1.000000,1.000000,1.000000,1.000000,1.082903,0.902671,0.950287,0.877011,0.914123,1.036883,1.045409,1.128963,0.774547,0.769145,1.033921,0.945673,0.886930,1.000000,1.000000,1.000000,1.000000,1.000000
39,WIND_1,1.095933,0.936970,1.044681,0.901785,0.988695,1.112619,0.968191,1.055403,1.150189,0.996714,0.922056,1.046399,0.996527,1.112452,0.957571,1.061989,1.083663,0.961156,0.973648,0.963985,0.982581,1.000000,1.027818,0.896281
39,WIND_2,1.059802,0.958734,1.009472,0.878997,1.041229,1.023339,1.008471,1.010368,1.135117,0.995747,0.916433,1.066771,1.006974,1.071628,1.006070,0.987984,1.045709,0.981312,0.961976,1.001121,1.009370,1.000000,1.052916,0.813204
39,WIND_3,1.100373,0.937357,1.001477,0.892760,1.000006,1.037519,0.962984,1.044661,1.114522,0.995669,0.941070,1.074174,1.000691,1.116650,0.961565,1.030620,1.072676,0.944562,0.966825,1.047396,0.976033,1.106337,1.093498,0.921387
39,SOLAR_1,1.000000,1.000000,1.000000,1.000000,1.000000,1.000000,1.091157,1.121472,0.786850,1.208367,1.000000,0.772612,0.737477,0.786523,0.966660,1.074345,0.863013,1.113961,1.132407,1.000000,1.000000,1.000000,1.000000,1.000000
39,SOLAR_2,1.000000,1.000000,1.000000,1.000000,1.000000,1.000000,1.073414,1.019808,0.726393,1.350753,1.076051,0.723975,0.883256,0.821958,0.935996,1.027491,0.804010,1.069316,1.196358,1.000000,1.000000,1.000000,1.000000,1.000000
40,WIND_1,0.930421,0.915301,0.954216,0.948240,0.938092,1.036957,0.937692,0.992334,0.889065,0.960988,1.044072,0.997923,0.943916,1.106280,1.073297,0.993534,1.021824,0.954076,1.023740,1.036982,0.974427,1.000000,0.947139,0.938195
40,WIND_2,0.969025,0.920719,0.880002,0.975278,0.988642,1.074763,0.963716,0.957420,0.877807,0.943719,1.031093,1.065876,0.969989,1.095949,1.084736,0.977266,0.987939,0.973190,0.995125,1.028942,0.987167,1.000000,1.000928,0.933530
40,WIND_3,0.982339,0.927782,0.930533,0.974800,0.965326,1.057045,0.949296,0.926901,0.837100,0.990799,1.073602,1.030160,0.989615,1.098751,1.087046,1.013489,0.946012,0.941941,0.993398,1.105553,0.980812,1.015117,0.989795,0.987221
40,SOLAR_1,1.000000,1.000000,1.000000,1.000000,1.000000,1.000000,1.100917,1.036051,1.144961,1.213602,0.879238,1.012121,1.000000,0.958881,0.863288,0.953933,1.044083,1.253850,1.118388,1.000000,1.000000,1.000000,1.000000,1.000000
40,SOLAR_2,1.000000,1.000000,1.000000,1.000000,1.000000,1.000000,1.088208,1.032783,1.146280,1.158000,0.830147,1.018493,1.045409,0.901131,0.919247,0.823495,1.009475,1.281203,1.083278,1.000000,1.000000,1.000000,1.000000,1.000000
41,WIND_1,1.013713,0.954882,1.014729,0.977983,0.982588,0.950945,1.020536,0.956709,0.893603,1.084611,0.953680,0.942704,1.132976,1.021711,1.066884,1.142740,1.058452,1.022024,1.085192,0.894651,1.033915,0.934612,1.002102,1.001489
41,WIND_2,0.984516,0.917479,1.125286,0.938126,0.999663,0.886755,0.972417,0.932433,0.944917,1.045399,0.959032,0.962484,1.279318,0.989926,1.058105,1.101705,1.052647,1.020507,1.096158,0.926440,1.050369,0.979928,1.052916,0.999085
41,WIND_3,0.973608,0.975300,1.067865,0.964111,0.948649,0.991079,0.989128,0.964967,0.936609,1.066115,0.925992,0.921138,1.120444,1.029776,1.033026,1.077273,1.022576,1.013290,1.079798,0.839991,1.048380,0.927982,1.031538,0.981245
41,SOLAR_1,1.000000,1.000000,1.000000,1.000000,1.000000,1.000000,1.076171,1.060188,1.156442,0.877328,0.982518,1.185299,0.994250,1.237844,0.882761,0.813208,0.890233,0.730414,0.856228,1.000000,1.000000,1.000000,1.000000,1.000000
41,SOLAR_2,1.000000,1.000000,1.000000,1.000000,1.000000,1.000000,1.114660,1.052983,1.218058,0.916783,1.008010,1.036883,0.966174,1.128963,0.948916,0.762830,0.931473,0.788441,0.828315,1.000000,1.000000,1.000000,1.000000,1.000000
42,WIND_1,0.952296,0.958826,0.956490,1.101695,0.986091,0.922584,1.028337,1.089701,0.950085,0.974386,0.948900,1.010975,1.132019,0.925242,0.965012,1.091410,0.978662,1.150431,1.004953,0.955225,0.909024,0.924073,1.009403,0.962407
42,WIND_2,1.009622,0.922558,0.978300,1.044461,0.950487,1.029899,1.139187,1.004770,0.900905,0.989277,0.900990,0.989937,1.072229,0.997086,0.966809,1.103930,0.969718,1.153105,0.972984,0.972436,0.813821,0.972308,1.052916,0.960455
42,WIND_3,0.927184,1.013610,0.932541,1.137416,0.956351,0.990757,1.047721,1.021707,0.899723,1.009264,0.916010,1.049815,1.072775,1.008489,0.962313,1.061689,0.922969,1.158122,0.964505,1.003230,0.939586,0.940296,0.998076,0.971972
42,SOLAR_1,1.000000,1.000000,1.000000,1.000000,1.000000,1.000000,0.880807,0.877202,1.078596,0.941038,1.000000,1.098567,0.917554,1.092638,0.983938,0.770614,1.199693,0.827511,0.969426,1.000000,1.000000,1.000000,1.000000,1.000000
42,SOLAR_2,1.000000,1.000000,1.000000,1.000000,1.000000,1.000000,0.832831,0.841999,1.146909,0.994712,1.089408,1.036883,0.856228,1.032568,1.069543,0.724786,1.215089,0.856207,0.962208,1.000000,1.000000,1.000000,1.000000,1.000000
43,WIND_1,0.947251,0.939426,0.953090,1.062677,1.069011,0.917123,1.041236,0.970810,1.036115,0.964353,0.991226,1.178366,0.986141,1.033144,0.942788,0.978923,1.051207,1.004290,0.926204,0.949831,0.938231,1.000000,0.944870,1.049005
43,WIND_2,0.876591,0.856347,0.989723,1.024085,1.054436,0.906148,1.096517,0.964067,1.034740,0.941899,0.915206,1.107507,0.993207,1.038561,0.756484,0.905875,0.990810,0.939300,1.006777,0.991077,0.935521,0.992437,0.982234,1.023247
43,WIND_3,0.979859,0.938417,0.929227,1.023411,1.025589,0.947769,1.070210,0.942029,0.995546,0.929905,0.995191,1.237704,1.022753,1.053933,0.907271,0.847434,1.029720,0.972613,0.998220,1.055261,1.006070,1.026255,0.903042,1.058914
43,SOLAR_1,1.000000,1.000000,1.000000,1.000000,1.000000,1.000000,0.833000,1.005850,0.879567,1.119428,1.000000,0.924577,1.000000,0.968974,1.162925,1.209654,1.061662,1.046376,1.033644,1.000000,1.000000,1.000000,1.000000,1.000000
43,SOLAR_2,1.000000,1.000000,1.000000,1.000000,1.000000,1.000000,0.896799,1.064330,0.861653,1.132790,1.128527,0.838934,1.040317,0.851781,1.234013,1.098549,1.102477,1.048410,1.000028,1.000000,1.000000,1.000000,1.000000,1.000000
44,WIND_1,1.016269,1.006326,0.950394,1.004976,0.969227,1.115989,0.864827,0.982588,1.065219,0.947996,1.128704,0.855344,0.960110,0.812853,1.052351,1.000010,1.081701,0.976250,0.925969,0.940609,1.033915,1.000000,0.948291,1.082111
44,WIND_2,1.015053,1.050381,0.981419,0.999795,0.984342,1.101033,0.878324,0.912387,1.060965,0.936500,1.032060,0.904455,0.966765,0.914870,1.041996,1.010584,1.088869,0.992712,0.932021,1.022474,1.056367,1.000000,0.897136,1.086287
44,WIND_3,0.985375,1.041935,0.980509,1.024708,0.979358,1.017140,0.925456,0.950383,1.037867,0.920583,1.113422,0.898739,1.001101,0.890019,1.022470,1.009358,1.077056,1.012963,0.933150,0.950665,1.048380,1.064964,0.955864,1.037874
44,SOLAR_1,1.000000,1.000000,1.000000,1.000000,1.000000,1.000000,1.153038,1.209499,0.876540,1.055972,0.873362,1.296291,0.983912,1.306850,0.802721,0.925425,0.807305,1.048645,0.990263,1.000000,1.000000,1.000000,1.000000,1.000000
44,SOLAR_2,1.000000,1.000000,1.000000,1.000000,1.000000,1.000000,1.175277,1.203414,0.899025,1.077242,0.850641,1.036883,0.970785,1.128963,0.866007,0.900547,0.857064,1.085968,1.005744,1.000000,1.000000,1.000000,1.000000,1.000000
45,WIND_1,0.912258,0.984648,0.865048,1.036764,0.932540,1.025197,0.970389,1.067151,1.024809,1.039447,1.015169,0.914760,0.947351,1.006838,0.781069,1.069943,1.048814,0.920287,0.937718,1.036982,0.987154,1.000000,1.022744,1.065072
45,WIND_2,0.866399,1.053320,0.878565,1.090937,0.927372,1.097973,1.003323,1.033936,1.048944,1.085118,0.995170,0.959479,1.044558,1.003110,0.791957,1.037710,1.081368,0.951642,0.893261,1.034690,0.939135,1.000000,1.034696,1.047520
45,WIND_3,0.749586,1.025837,0.847945,1.047585,0.846421,1.033339,1.033584,1.067317,0.971649,1.069965,0.958641,0.941916,0.979646,1.037342,0.827627,1.016641,1.013031,0.980389,0.955658,1.066623,0.983382,1.057193,1.003860,1.054957
45,SOLAR_1,1.000000,1.000000,1.000000,1.000000,1.000000,1.000000,0.979651,0.763282,1.054628,0.939749,1.000000,1.031561,0.970264,1.061312,1.290535,0.614686,0.747950,1.215936,1.054124,1.000000,1.000000,1.000000,1.000000,1.000000
45,SOLAR_2,1.000000,1.000000,1.000000,1.000000,1.000000,1.000000,1.024757,0.788525,1.055046,0.913255,1.127364,1.036883,0.913850,1.001912,1.217926,0.673262,0.708053,1.223412,1.003918,1.000000,1.000000,1.000000,1.000000,1.000000
46,WIND_1,0.972418,0.975894,0.969449,0.865640,1.022895,0.952263,1.070793,1.080099,0.957709,1.074233,1.012224,1.024958,0.955090,1.012618,0.951406,1.048821,0.961554,0.941022,1.088614,1.010371,1.033915,0.937644,0.931993,0.999925
46,WIND_2,0.941975,0.979939,0.882832,0.826438,0.997238,0.961281,1.145513,1.016321,0.983175,1.032450,1.009472,0.985895,0.943930,1.008830,0.892692,1.056869,0.947035,0.955807,1.044533,1.028881,1.054945,1.000000,1.000325,0.948877
46,WIND_3,0.937082,0.958557,0.977900,0.855601,1.038577,1.004691,1.070462,1.037274,0.971140,1.120927,1.017902,1.019111,1.052914,1.056762,0.782031,1.010271,0.937075,0.957113,1.085906,1.087955,1.038010,1.008061,1.023273,1.016185
46,SOLAR_1,1.000000,1.000000,1.000000,1.000000,1.000000,1.000000,1.010302,0.898290,1.006400,1.033454,0.862252,0.960241,1.000000,0.931764,1.075031,0.972656,1.060801,1.109116,0.724463,1.000000,1.000000,1.000000,1.000000,1.000000
46,SOLAR_2,1.000000,1.000000,1.000000,1.000000,1.000000,1.000000,0.975100,0.921484,1.046706,1.085731,0.848695,0.864680,1.045409,0.942541,1.099973,0.952425,1.062360,1.119839,0.842812,1.000000,1.000000,1.000000,1.000000,1.000000
47,WIND_1,0.962565,0.832653,0.981033,1.062453,0.918080,1.028920,0.888505,1.006250,0.915726,0.902861,1.006482,0.988336,0.971560,0.890058,0.979550,1.019133,1.033203,1.035105,1.096100,0.913331,0.908341,0.902173,0.920957,0.967024
47,WIND_2,0.897622,0.796882,0.985963,1.105841,0.893986,0.971775,0.864300,1.037742,0.936995,0.976172,1.023614,1.029212,0.992046,1.001398,0.965612,0.996456,1.070189,0.975819,1.133222,0.946642,0.918174,0.896752,0.911456,1.030827
47,WIND_3,0.879369,0.938070,0.932144,1.051188,0.925689,1.036991,0.852750,1.084253,0.931700,0.964018,1.048542,0.992100,0.963582,0.969585,0.836206,0.947177,1.065742,0.943548,1.098666,0.915060,0.935179,0.892350,0.897962,1.061604
47,SOLAR_1,1.000000,1.000000,1.000000,1.000000,1.000000,1.000000,1.282315,0.899353,0.980244,1.020418,1.000000,0.994984,1.000000,1.115606,1.123132,1.047373,0.975624,1.036005,0.765395,1.000000,1.000000,1.000000,1.000000,1.000000
47,SOLAR_2,1.000000,1.000000,1.000000,1.000000,1.000000,1.000000,1.231046,0.941964,0.982789,0.992954,1.140845,0.906432,1.045409,1.051686,1.137908,0.968695,0.932018,1.047716,0.796199,1.000000,1.000000,1.000000,1.000000,1.000000
48,WIND_1,1.265588,1.124769,1.064472,0.987551,0.958807,0.840197,0.989351,1.024630,1.016295,0.979699,1.037654,0.922940,0.882344,0.956168,0.981033,1.043750,1.098974,0.993780,0.835981,1.036982,0.979356,0.894156,1.024744,1.070647
48,WIND_2,1.231676,1.076956,1.132662,0.872484,0.920327,0.854339,0.984823,0.971368,1.039507,0.999999,1.070263,0.938023,0.929594,0.957982,0.998037,1.045028,1.070125,1.032452,0.852164,1.020920,1.026302,0.887583,1.052916,1.024890
48,WIND_3,1.309542,1.054066,1.092819,0.968508,0.917096,0.859102,0.974783,1.019894,0.981943,0.936479,1.087615,0.939497,0.989537,1.000609,0.985098,1.036838,1.064603,0.983555,0.804703,1.052938,1.011807,0.891370,1.068020,1.079019
48,SOLAR_1,1.000000,1.000000,1.000000,1.000000,1.000000,1.000000,1.056504,1.040811,0.988787,0.995471,0.923825,1.214618,1.000000,1.022933,1.099844,0.967479,0.739423,1.065930,1.255552,1.000000,1.000000,1.000000,1.000000,1.000000
48,SOLAR_2,1.000000,1.000000,1.000000,1.000000,1.000000,1.000000,1.035796,1.026201,0.975794,1.041559,0.926276,1.036883,1.045409,0.970762,1.089565,0.867657,0.819574,1.028196,1.379531,1.000000,1.000000,1.000000,1.000000,1.000000
49,WIND_1,1.053496,1.020697,0.920237,0.818825,1.063059,0.900626,1.099215,0.953672,1.029111,0.965901,0.920118,1.163431,0.961201,0.887736,0.988884,1.024455,1.043250,1.120753,1.040569,1.036982,0.926735,1.000000,1.027818,0.973855
49,WIND_2,1.058801,0.971883,0.964326,0.846558,0.993610,0.913095,1.182348,0.987624,0.985542,0.994058,0.981600,1.086735,0.981346,0.892641,0.971399,0.964807,0.991540,1.066774,1.043663,1.090087,0.894177,1.000000,1.052916,0.975204
49,WIND_3,1.004344,1.018082,0.974618,0.919041,1.015535,0.928039,1.135694,0.959058,0.951099,0.999856,0.869451,1.075726,1.019906,0.899912,0.943830,1.001189,1.025628,1.156274,1.067342,1.126989,0.945845,0.991989,1.085150,0.935853
49,SOLAR_1,1.000000,1.000000,1.000000,1.000000,1.000000,1.000000,0.883305,1.108758,1.007386,0.870422,1.000000,0.835378,1.000000,1.046156,0.768892,1.113432,1.110845,0.699488,0.974203,1.000000,1.000000,1.000000,1.000000,1.000000
49,SOLAR_2,1.000000,1.000000,1.000000,1.000000,1.000000,1.000000,0.891486,1.062798,1.061939,0.935764,1.214823,0.798529,1.045409,0.942521,0.906188,1.044686,1.088042,0.769621,0.981168,1.000000,1.000000,1.000000,1.000000,1.000000
50,WIND_1,1.020470,1.014691,1.048141,0.997390,1.008127,0.966059,0.961322,1.033676,0.980011,0.969564,0.968087,1.224471,0.918609,1.178583,1.000404,0.996885,1.007928,1.032143,0.979602,0.915357,0.998371,1.000000,0.884842,0.965627
50,WIND_2,1.040250,1.037679,1.042968,0.992309,0.979109,0.933226,0.939271,1.043736,0.898332,0.963814,0.968568,1.107391,0.944627,1.178193,0.965006,0.949856,0.933195,1.009374,0.989643,0.949896,1.037710,1.000000,0.940404,0.911777
50,WIND_3,1.069173,1.040620,1.038589,0.980089,0.998024,0.953533,0.949781,1.050069,0.975057,0.975753,0.980555,1.070794,0.964669,1.065146,0.942084,0.988604,0.938893,1.008516,0.983060,0.922590,1.048380,1.075761,0.996021,0.923111
50,SOLAR_1,1.000000,1.000000,1.000000,1.000000,1.000000,1.000000,1.107075,0.773069,1.170416,0.849645,1.000000,0.664640,1.000000,0.749692,0.993487,1.155490,0.957072,0.938440,0.930316,1.000000,1.000000,1.000000,1.000000,1.000000
50,SOLAR_2,1.000000,1.000000,1.000000,1.000000,1.000000,1.000000,1.078000,0.746393,1.227942,0.907622,1.042218,0.680341,1.045409,0.823628,1.025182,1.138337,0.974685,0.971189,1.016575,1.000000,1.000000,1.000000,1.000000,1.000000
