I,ID,STATUS,GL,BL
1933,1 ,1,0.0,-24.0
18865,1 ,1,0.0,-12.0
19824,1 ,1,0.0,-24.0
41252,1 ,1,0.0,-100.0
89528,1 ,1,0.0,-4.0
112900,1 ,1,0.0,-100.0
134894,1 ,1,0.0,-50.0
135588,1 ,1,0.0,-46.0
174529,1 ,1,0.0,-20.0
174530,1 ,1,0.0,-20.0
174531,1 ,1,0.0,27.5
174532,1 ,1,0.0,20.0
174533,1 ,1,0.0,52.5
174534,1 ,1,0.0,106.0
174535,1 ,1,0.0,106.0
174536,1 ,1,0.0,106.0
174537,1 ,1,0.0,106.0
174538,1 ,1,0.0,106.0
174539,1 ,1,0.0,106.0
174540,1 ,1,0.0,30.0
174541,1 ,1,0.0,25.55
174542,1 ,1,0.0,27.55
174543,1 ,1,0.0,50.0
174544,1 ,1,0.0,50.0
174545,1 ,1,0.0,24.5
174546,1 ,1,0.0,12.4
174547,1 ,1,0.0,22.7
174548,1 ,1,0.0,50.0
174549,1 ,1,0.0,6.0
174550,1 ,1,0.0,11.0
174551,1 ,1,0.0,47.8
174552,1 ,1,0.0,47.8
174553,1 ,1,0.0,-5.0
174554,1 ,1,0.0,-20.0
174555,1 ,1,0.0,-5.0
174556,1 ,1,0.0,-5.0
174557,1 ,1,0.0,8.0
174558,1 ,1,0.0,-35.0
174559,1 ,1,0.0,54.0
174560,1 ,1,0.0,100.0
174561,1 ,1,0.0,100.0
174562,1 ,1,0.0,9.8
174563,1 ,1,0.0,13.78
174564,1 ,1,0.0,27.0
174565,1 ,1,0.0,24.4
174566,1 ,1,0.0,18.1
174567,1 ,1,0.0,150.0
174568,1 ,1,0.0,150.0
174569,1 ,1,0.0,150.0
174570,1 ,1,0.0,130.0
174571,1 ,1,0.0,-110.0
174572,1 ,1,0.0,130.0
174573,1 ,1,0.0,4.2
174574,1 ,1,0.0,4.2
174575,1 ,1,0.0,27.0
174576,1 ,1,0.0,27.0
174577,1 ,1,0.0,18.37
174578,1 ,1,0.0,27.17
174579,1 ,1,0.0,27.7
174580,1 ,1,0.0,23.0
174581,1 ,1,0.0,27.0
174582,1 ,1,0.0,-50.0
174583,1 ,1,0.0,13.8
174584,1 ,1,0.0,13.8
174585,1 ,1,0.0,14.67
174586,1 ,1,0.0,19.93
174587,1 ,1,0.0,-20.0
174588,1 ,1,0.0,-20.0
174589,1 ,1,0.0,1.2
174590,1 ,1,0.0,1.2
174591,1 ,1,0.0,100.0
174592,1 ,1,0.0,-75.0
174593,1 ,1,0.0,-75.0
174594,1 ,1,0.0,-75.0
174595,1 ,1,0.0,-75.0
174596,1 ,1,0.0,6.0
174597,1 ,1,0.0,14.0
174598,1 ,1,0.0,14.0
174599,1 ,1,0.0,18.3
174600,1 ,1,0.0,8.0
174601,1 ,1,0.0,-10.0
174602,1 ,1,0.0,11.9977
174603,1 ,1,0.0,11.9977
174604,1 ,1,0.0,-10.0
174605,1 ,1,0.0,14.9971
174606,1 ,1,0.0,-10.0
174607,1 ,1,0.0,9.2266
174608,1 ,1,0.0,-217.0
174609,1 ,1,0.0,1.2
174610,1 ,1,0.0,8.0
174611,1 ,1,0.0,1.2
174612,1 ,1,0.0,1.2
174613,1 ,1,0.0,1.2
174614,1 ,1,0.0,12.6
174615,1 ,1,0.0,-7.5
174616,1 ,1,0.0,13.8
174617,1 ,1,0.0,13.8
174618,1 ,1,0.0,9.0
174619,1 ,1,0.0,9.0
174620,1 ,1,0.0,9.0
174621,1 ,1,0.0,9.0
174622,1 ,1,0.0,5.4
174623,1 ,1,0.0,5.4
174624,1 ,1,0.0,5.4
174625,1 ,1,0.0,-6.5
174627,1 ,1,0.0,-21.0
174628,1 ,1,0.0,-21.0
174629,1 ,1,0.0,7.2
174630,1 ,1,0.0,5.4
174631,1 ,1,0.0,7.2
174632,1 ,1,0.0,5.4
174633,1 ,1,0.0,9.9
174634,1 ,1,0.0,9.9
174635,1 ,1,0.0,9.9
174636,1 ,1,0.0,9.9
174637,1 ,1,0.0,10.8
174638,1 ,1,0.0,21.0
174639,1 ,1,0.0,24.5
174640,1 ,1,0.0,27.17
174641,1 ,1,0.0,24.35
174642,1 ,1,0.0,24.35
174643,1 ,1,0.0,-21.75
174644,1 ,1,0.0,-21.75
174645,1 ,1,0.0,27.17
174646,1 ,1,0.0,-25.0
174647,1 ,1,0.0,-25.0
174648,1 ,1,0.0,-25.0
174649,1 ,1,0.0,-25.0
174650,1 ,1,0.0,20.0
174651,1 ,1,0.0,7.5
174652,1 ,1,0.0,7.5
174653,1 ,1,0.0,15.0
174654,1 ,1,0.0,15.0
174655,1 ,1,0.0,26.0
174656,1 ,1,0.0,13.0
174657,1 ,1,0.0,-10.0
174658,1 ,1,0.0,110.0
174659,1 ,1,0.0,-122.4
174660,1 ,1,0.0,27.5
174661,1 ,1,0.0,-12.0
174662,1 ,1,0.0,-24.0
174663,1 ,1,0.0,24.45
174664,1 ,1,0.0,13.8
174665,1 ,1,0.0,13.8
174666,1 ,1,0.0,13.2
174667,1 ,1,0.0,10.0
174668,1 ,1,0.0,33.0
174669,1 ,1,0.0,45.0
174670,1 ,1,0.0,15.0
174671,1 ,1,0.0,18.3
174672,1 ,1,0.0,24.5
174673,1 ,1,0.0,24.5
174674,1 ,1,0.0,-7.5
174675,1 ,1,0.0,7.0
174676,1 ,1,0.0,-7.5
174677,1 ,1,0.0,7.0
174678,1 ,1,0.0,15.0
174679,1 ,1,0.0,7.5
174680,1 ,1,0.0,10.8
174681,1 ,1,0.0,24.5
174682,1 ,1,0.0,-18.0
174683,1 ,1,0.0,-18.0
174684,1 ,1,0.0,10.8
174685,1 ,1,0.0,24.6
174686,1 ,1,0.0,31.6
174687,1 ,1,0.0,10.8
174688,1 ,1,0.0,30.0
174689,1 ,1,0.0,30.0
174690,1 ,1,0.0,10.0
174691,1 ,1,0.0,10.0
174692,1 ,1,0.0,4.8
174693,1 ,1,0.0,32.5
174694,1 ,1,0.0,-50.0
174695,1 ,1,0.0,128.0
174696,1 ,1,0.0,140.0
174697,1 ,1,0.0,128.0
174698,1 ,1,0.0,140.0
174699,1 ,1,0.0,128.0
174700,1 ,1,0.0,27.2
174701,1 ,1,0.0,27.0
174702,1 ,1,0.0,12.0
174703,1 ,1,0.0,6.0
174704,1 ,1,0.0,-40.0
174705,1 ,1,0.0,100.0
174706,1 ,1,0.0,-2.22
174707,1 ,1,0.0,-2.22
174708,1 ,1,0.0,27.2
174709,1 ,1,0.0,50.0
174710,1 ,1,0.0,50.0
174711,1 ,1,0.0,71.0
174712,1 ,1,0.0,71.0
174713,1 ,1,0.0,5.4
174714,1 ,1,0.0,27.0
174715,1 ,1,0.0,25.0
174716,1 ,1,0.0,27.0
174717,1 ,1,0.0,27.0
174718,1 ,1,0.0,50.0
174719,1 ,1,0.0,50.0
174720,1 ,1,0.0,50.0
174721,1 ,1,0.0,54.0
174722,1 ,1,0.0,41.33
174723,1 ,1,0.0,41.33
174724,1 ,1,0.0,1.81
174725,1 ,1,0.0,41.33
174726,1 ,1,0.0,41.33
174727,1 ,1,0.0,7.0
174728,1 ,1,0.0,13.77
174729,1 ,1,0.0,54.0
174730,1 ,1,0.0,7.5
174731,1 ,1,0.0,13.5
174732,1 ,1,0.0,13.8
174733,1 ,1,0.0,13.8
174734,1 ,1,0.0,5.0
174735,1 ,1,0.0,5.0
174736,1 ,1,0.0,5.0
174737,1 ,1,0.0,5.0
174738,1 ,1,0.0,44.9
174739,1 ,1,0.0,27.02
174740,1 ,1,0.0,23.0
174741,1 ,1,0.0,27.0
174742,1 ,1,0.0,-21.0
174743,1 ,1,0.0,-21.0
174744,1 ,1,0.0,-21.0
174745,1 ,1,0.0,-21.0
174746,1 ,1,0.0,-20.0
174747,1 ,1,0.0,110.0
174748,1 ,1,0.0,103.0
174749,1 ,1,0.0,-90.0
174750,1 ,1,0.0,110.0
174751,1 ,1,0.0,110.0
174752,1 ,1,0.0,103.0
174753,1 ,1,0.0,110.0
174754,1 ,1,0.0,2.5
174755,1 ,1,0.0,2.5
174756,1 ,1,0.0,2.5
174757,1 ,1,0.0,2.5
174758,1 ,1,0.0,20.3
174759,1 ,1,0.0,23.0
174760,1 ,1,0.0,18.1
174761,1 ,1,0.0,1.8
174762,1 ,1,0.0,13.77
174763,1 ,1,0.0,13.77
174764,1 ,1,0.0,0.8
174765,1 ,1,0.0,0.8
174766,1 ,1,0.0,-10.0
174767,1 ,1,0.0,-0.03
174768,1 ,1,0.0,-0.03
174769,1 ,1,0.0,-0.03
174770,1 ,1,0.0,-0.03
174771,1 ,1,0.0,-30.0
174772,1 ,1,0.0,9.1
174773,1 ,1,0.0,1.67
174774,1 ,1,0.0,134.4
174775,1 ,1,0.0,134.4
174776,1 ,1,0.0,82.0
174777,1 ,1,0.0,82.0
174778,1 ,1,0.0,105.3
174779,1 ,1,0.0,50.0
174780,1 ,1,0.0,3.0
174781,1 ,1,0.0,3.0
174782,1 ,1,0.0,3.0
174783,1 ,1,0.0,15.0
174784,1 ,1,0.0,-10.0
174785,1 ,1,0.0,1.28
174786,1 ,1,0.0,27.5
174787,1 ,1,0.0,27.5
174788,1 ,1,0.0,19.8
174789,1 ,1,0.0,13.2
174790,1 ,1,0.0,9.1
174791,1 ,1,0.0,10.9
174792,1 ,1,0.0,10.9
174793,1 ,1,0.0,27.5
174794,1 ,1,0.0,27.5
174795,1 ,1,0.0,-19.84
174796,1 ,1,0.0,13.78
174797,1 ,1,0.0,-20.0
174798,1 ,1,0.0,27.54
174799,1 ,1,0.0,27.54
174800,1 ,1,0.0,27.54
174801,1 ,1,0.0,-20.0
174802,1 ,1,0.0,10.0
174803,1 ,1,0.0,54.0
174804,1 ,1,0.0,54.0
174805,1 ,1,0.0,5.0
174806,1 ,1,0.0,5.0
174807,1 ,1,0.0,5.0
174808,1 ,1,0.0,27.55
174809,1 ,1,0.0,27.55
174810,1 ,1,0.0,-20.0
174811,1 ,1,0.0,-20.0
174812,1 ,1,0.0,-27.25
174813,1 ,1,0.0,-27.25
174814,1 ,1,0.0,-25.0
174815,1 ,1,0.0,-25.0
174817,1 ,1,0.0,27.2
174818,1 ,1,0.0,27.2
174819,1 ,1,0.0,27.2
174820,1 ,1,0.0,20.0
174821,1 ,1,0.0,-20.0
174822,1 ,1,0.0,-20.0
174823,1 ,1,0.0,52.8
174824,1 ,1,0.0,-10.0
174825,1 ,1,0.0,-20.0
174826,1 ,1,0.0,7.5
174827,1 ,1,0.0,7.5
174828,1 ,1,0.0,24.45
174829,1 ,1,0.0,1.88
174830,1 ,1,0.0,1.88
174831,1 ,1,0.0,-20.0
174832,1 ,1,0.0,-20.0
174833,1 ,1,0.0,-20.0
174834,1 ,1,0.0,-20.0
174835,1 ,1,0.0,27.0
174836,1 ,1,0.0,27.0
174837,1 ,1,0.0,7.2
174838,1 ,1,0.0,7.2
174839,1 ,1,0.0,9.0
174840,1 ,1,0.0,10.02
174841,1 ,1,0.0,-15.0
174842,1 ,1,0.0,-15.0
174843,1 ,1,0.0,-20.0
174844,1 ,1,0.0,-30.0
174845,1 ,1,0.0,-30.0
174846,1 ,1,0.0,20.0
174847,1 ,1,0.0,-20.0
174848,1 ,1,0.0,-30.0
174849,1 ,1,0.0,-20.0
174850,1 ,1,0.0,6.3
174851,1 ,1,0.0,6.3
174852,1 ,1,0.0,-24.0
174853,1 ,1,0.0,30.0
174854,1 ,1,0.0,-14.0
174855,1 ,1,0.0,-20.0
174856,1 ,1,0.0,5.4
174857,1 ,1,0.0,7.5
174858,1 ,1,0.0,7.5
174861,1 ,1,0.0,-24.0
174862,1 ,1,0.0,-24.0
174863,1 ,1,0.0,-24.0
174864,1 ,1,0.0,-24.0
174865,1 ,1,0.0,-24.0
174866,1 ,1,0.0,-24.0
174867,1 ,1,0.0,-24.0
174868,1 ,1,0.0,-24.0
174869,1 ,1,0.0,-30.0
174870,1 ,1,0.0,-0.11
174872,1 ,1,0.0,-25.0
174873,1 ,1,0.0,-30.0
174874,1 ,1,0.0,-0.11
174876,1 ,1,0.0,-10.0
174877,1 ,1,0.0,35.0
174878,1 ,1,0.0,-10.0
174881,1 ,1,0.0,26.7
174882,1 ,1,0.0,-10.0
174883,1 ,1,0.0,-10.0
174884,1 ,1,0.0,5.4
174885,1 ,1,0.0,25.3
174886,1 ,1,0.0,25.3
174887,1 ,1,0.0,25.3
174888,1 ,1,0.0,25.3
174889,1 ,1,0.0,-21.0
174891,1 ,1,0.0,30.0
174892,1 ,1,0.0,-21.0
174893,1 ,1,0.0,-25.0
174894,1 ,1,0.0,-25.0
174895,1 ,1,0.0,7.5
174896,1 ,1,0.0,7.5
174897,1 ,1,0.0,5.4
174898,1 ,1,0.0,5.4
174899,1 ,1,0.0,7.5
174900,1 ,1,0.0,7.5
174901,1 ,1,0.0,7.0
174902,1 ,1,0.0,7.0
174903,1 ,1,0.0,-20.0
174904,1 ,1,0.0,10.8
174905,1 ,1,0.0,69.0
174906,1 ,1,0.0,7.5
174907,1 ,1,0.0,7.5
174908,1 ,1,0.0,6.75
174909,1 ,1,0.0,-12.0
174910,1 ,1,0.0,-12.0
174911,1 ,1,0.0,6.75
174912,1 ,1,0.0,13.5
174913,1 ,1,0.0,-0.07
174914,1 ,1,0.0,9.9
174915,1 ,1,0.0,-8.5
174916,1 ,1,0.0,9.9
174917,1 ,1,0.0,9.9
174918,1 ,1,0.0,9.9
174919,1 ,1,0.0,12.6
174920,1 ,1,0.0,-7.5
174921,1 ,1,0.0,15.0
174922,1 ,1,0.0,15.0
174923,1 ,1,0.0,15.0
174924,1 ,1,0.0,15.0
174925,1 ,1,0.0,15.0
174926,1 ,1,0.0,36.74
174927,1 ,1,0.0,22.96
174928,1 ,1,0.0,13.78
174929,1 ,1,0.0,9.18
174930,1 ,1,0.0,12.6024
174931,1 ,1,0.0,12.6024
174935,1 ,1,0.0,8.3999
174937,1 ,1,0.0,53.2174
174940,1 ,1,0.0,16.2017
174943,1 ,1,0.0,25.2
174946,1 ,1,0.0,32.3986
174947,1 ,1,0.0,16.2017
174949,1 ,1,0.0,32.3986
174951,1 ,1,0.0,-25.0001
174952,1 ,1,0.0,32.3986
174955,1 ,1,0.0,16.2017
174956,1 ,1,0.0,16.2017
174957,1 ,1,0.0,16.2017
174962,1 ,1,0.0,16.2017
174964,1 ,1,0.0,16.2017
174966,1 ,1,0.0,99.981
174968,1 ,1,0.0,-19.9999
174969,1 ,1,0.0,32.3986
174970,1 ,1,0.0,12.6024
174971,1 ,1,0.0,12.6024
174973,1 ,1,0.0,-25.0001
174974,1 ,1,0.0,12.6024
174975,1 ,1,0.0,16.2017
174977,1 ,1,0.0,1.8
174978,1 ,1,0.0,1.8
174979,1 ,1,0.0,1.8
174980,1 ,1,0.0,1.8
174982,1 ,1,0.0,1.8
174984,1 ,1,0.0,1.8
174987,1 ,1,0.0,10.5
174988,1 ,1,0.0,10.5
174989,1 ,1,0.0,10.5
174990,1 ,1,0.0,-4.0
174991,1 ,1,0.0,-4.0
174992,1 ,1,0.0,10.5
174993,1 ,1,0.0,10.5
174994,1 ,1,0.0,10.5
174995,1 ,1,0.0,20.0
174996,1 ,1,0.0,20.0
174997,1 ,1,0.0,20.0
174998,1 ,1,0.0,12.0
174999,1 ,1,0.0,-48.0
175000,1 ,1,0.0,-48.0
175001,1 ,1,0.0,-48.0
175002,1 ,1,0.0,-48.0
175003,1 ,1,0.0,-82.645
175004,1 ,1,0.0,-82.645
175005,1 ,1,0.0,-185.95
175006,1 ,1,0.0,-185.95
175007,1 ,1,0.0,8.0
175008,1 ,1,0.0,-48.0
175009,1 ,1,0.0,-48.0
175010,1 ,1,0.0,-82.645
175011,1 ,1,0.0,-82.645
175012,1 ,1,0.0,6.0
175013,1 ,1,0.0,6.0
175014,1 ,1,0.0,6.0
175015,1 ,1,0.0,6.0
175016,1 ,1,0.0,20.0
175017,1 ,1,0.0,5.4
175018,1 ,1,0.0,11.88
175019,1 ,1,0.0,-45.35
175020,1 ,1,0.0,-50.0
175021,1 ,1,0.0,20.0
175022,1 ,1,0.0,10.08
175023,1 ,1,0.0,10.08
175024,1 ,1,0.0,4.52
175025,1 ,1,0.0,4.52
175026,1 ,1,0.0,20.0
175027,1 ,1,0.0,40.0
175028,1 ,1,0.0,40.0
175029,1 ,1,0.0,40.0
175030,1 ,1,0.0,40.0
175031,1 ,1,0.0,18.74
175032,1 ,1,0.0,18.74
175033,1 ,1,0.0,-22.5
175034,1 ,1,0.0,-22.5
175035,1 ,1,0.0,-22.5
175036,1 ,1,0.0,37.71
175037,1 ,1,0.0,37.33
175038,1 ,1,0.0,7.2
175039,1 ,1,0.0,7.2
175040,1 ,1,0.0,-35.0
175041,1 ,1,0.0,-35.0
175042,1 ,1,0.0,9.65
175043,1 ,1,0.0,9.65
175044,1 ,1,0.0,12.0
175045,1 ,1,0.0,25.37
175046,1 ,1,0.0,18.9
175047,1 ,1,0.0,0.5291
175048,1 ,1,0.0,0.5291
175049,1 ,1,0.0,0.5291
175050,1 ,1,0.0,0.5291
175051,1 ,1,0.0,0.5291
175052,1 ,1,0.0,0.5291
175053,1 ,1,0.0,18.5001
175054,1 ,1,0.0,18.5001
175055,1 ,1,0.0,100.0
175056,1 ,1,0.0,-45.35
175057,1 ,1,0.0,-45.35
175058,1 ,1,0.0,-45.35
175059,1 ,1,0.0,-218.0
175060,1 ,1,0.0,1.2
175061,1 ,1,0.0,1.2
175062,1 ,1,0.0,1.2
175063,1 ,1,0.0,1.2
175064,1 ,1,0.0,1.2
175065,1 ,1,0.0,-99.981
175067,1 ,1,0.0,-3.25
175068,1 ,1,0.0,-3.25
175069,1 ,1,0.0,-200.0149
175075,1 ,1,0.0,10.7979
175076,1 ,1,0.0,10.7979
175077,1 ,1,0.0,10.7979
175078,1 ,1,0.0,10.7979
175079,1 ,1,0.0,26.9996
175080,1 ,1,0.0,34.9981
175081,1 ,1,0.0,7.1998
175082,1 ,1,0.0,7.1998
175083,1 ,1,0.0,7.1998
175084,1 ,1,0.0,-190.0
175085,1 ,1,0.0,-190.0
175086,1 ,1,0.0,-50.0
175087,1 ,1,0.0,3.0
175088,1 ,1,0.0,3.0
175089,1 ,1,0.0,3.0
175090,1 ,1,0.0,3.0
175091,1 ,1,0.0,3.0
175092,1 ,1,0.0,3.0
175093,1 ,1,0.0,3.0
175094,1 ,1,0.0,3.0
175095,1 ,1,0.0,3.0
175096,1 ,1,0.0,45.0
175097,1 ,1,0.0,45.0
175098,1 ,1,0.0,68.0
175099,1 ,1,0.0,41.7
175100,1 ,1,0.0,112.5
175101,1 ,1,0.0,67.5
175102,1 ,1,0.0,11.9951
175103,1 ,1,0.0,22.2048
175104,1 ,1,0.0,14.9971
175105,1 ,1,0.0,22.2048
175106,1 ,1,0.0,13.3969
175107,1 ,1,0.0,6.7051
175108,1 ,1,0.0,13.4234
175109,1 ,1,0.0,67.0772
175110,1 ,1,0.0,13.4234
175111,1 ,1,0.0,32.9038
175112,1 ,1,0.0,33.4989
175113,1 ,1,0.0,13.4234
175115,1 ,1,0.0,33.4064
175116,1 ,1,0.0,67.0772
175117,1 ,1,0.0,67.0772
175118,1 ,1,0.0,13.4234
175119,1 ,1,0.0,45.7453
175120,1 ,1,0.0,32.9038
175121,1 ,1,0.0,67.0772
175122,1 ,1,0.0,67.0772
175123,1 ,1,0.0,67.0772
175124,1 ,1,0.0,11.7041
175125,1 ,1,0.0,20.1152
175126,1 ,1,0.0,33.4064
175127,1 ,1,0.0,22.4957
175128,1 ,1,0.0,22.4957
175129,1 ,1,0.0,11.7041
175130,1 ,1,0.0,33.4064
175131,1 ,1,0.0,20.1152
175132,1 ,1,0.0,-49.9905
175133,1 ,1,0.0,-46.7107
175134,1 ,1,0.0,-49.9905
175135,1 ,1,0.0,-46.7107
175141,1 ,1,0.0,18.0
175142,1 ,1,0.0,6.0
175143,1 ,1,0.0,-14.0
175144,1 ,1,0.0,18.0
175145,1 ,1,0.0,18.0
175146,1 ,1,0.0,-14.0
175147,1 ,1,0.0,33.4989
175148,1 ,1,0.0,3.7822
175149,1 ,1,0.0,3.7822
175150,1 ,1,0.0,3.7822
175151,1 ,1,0.0,3.7822
175156,1 ,1,0.0,33.4989
175157,1 ,1,0.0,33.4989
175158,1 ,1,0.0,26.9996
175159,1 ,1,0.0,8.0
175160,1 ,1,0.0,10.0
175161,1 ,1,0.0,1.2
175162,1 ,1,0.0,8.0
175163,1 ,1,0.0,5.9999
175164,1 ,1,0.0,1.2
175165,1 ,1,0.0,-16.0
175173,1 ,1,0.0,6.4935
175174,1 ,1,0.0,6.4935
175175,1 ,1,0.0,11.876
175176,1 ,1,0.0,11.876
175177,1 ,1,0.0,6.4935
175184,1 ,1,0.0,7.1986
175188,1 ,1,0.0,-52.1996
175189,1 ,1,0.0,-106.0
175216,1 ,1,0.0,-154.25
175219,1 ,1,0.0,28.8041
175242,1 ,1,0.0,-99.981
175243,1 ,1,0.0,-89.9829
175244,1 ,1,0.0,-99.981
175245,1 ,1,0.0,-113.5
175254,1 ,1,0.0,11.9977
175261,1 ,1,0.0,3.6
175262,1 ,1,0.0,3.6
175289,1 ,1,0.0,-113.5
175290,1 ,1,0.0,-113.5
175291,1 ,1,0.0,-154.25
175292,1 ,1,0.0,-154.25
175295,1 ,1,0.0,-154.25
175296,1 ,1,0.0,-154.25
175301,1 ,1,0.0,53.0058
175302,1 ,1,0.0,53.0058
175303,1 ,1,0.0,53.0058
175304,1 ,1,0.0,-40.0
175305,1 ,1,0.0,-40.0
175306,1 ,1,0.0,-40.0
175307,1 ,1,0.0,-40.0
175308,1 ,1,0.0,-154.25
175315,1 ,1,0.0,24.5853
175316,1 ,1,0.0,24.5853
175317,1 ,1,0.0,-113.5
175318,1 ,1,0.0,-50.0
175319,1 ,1,0.0,-50.0
175321,1 ,1,0.0,2.9999
175328,1 ,1,0.0,2.4
175329,1 ,1,0.0,2.4
175331,1 ,1,0.0,7.9879
175332,1 ,1,0.0,15.9758
175335,1 ,1,0.0,-154.25
175357,1 ,1,0.0,5.9989
175359,1 ,1,0.0,-42.0
175369,1 ,1,0.0,-50.0
175370,1 ,1,0.0,-50.0
175371,1 ,1,0.0,-50.0
175372,1 ,1,0.0,-50.0
175373,1 ,1,0.0,-50.0
175374,1 ,1,0.0,-50.0
175375,1 ,1,0.0,-99.981
175376,1 ,1,0.0,-99.981
175377,1 ,1,0.0,-103.5
175378,1 ,1,0.0,-154.25
175379,1 ,1,0.0,-154.25
175380,1 ,1,0.0,-154.25
175388,1 ,1,0.0,-25.0217
175389,1 ,1,0.0,4.25
175390,1 ,1,0.0,4.25
175391,1 ,1,0.0,-114.0
175392,1 ,1,0.0,1.7999
175393,1 ,1,0.0,1.7999
175394,1 ,1,0.0,1.7999
175395,1 ,1,0.0,1.7999
175396,1 ,1,0.0,3.5993
175397,1 ,1,0.0,1.7999
175398,1 ,1,0.0,1.7999
175399,1 ,1,0.0,1.7999
175400,1 ,1,0.0,1.7999
175401,1 ,1,0.0,2.4
175402,1 ,1,0.0,2.4
175403,1 ,1,0.0,2.4
175404,1 ,1,0.0,2.4
175405,1 ,1,0.0,15.0
175406,1 ,1,0.0,21.0
175407,1 ,1,0.0,-22.0
175408,1 ,1,0.0,-15.4
175409,1 ,1,0.0,-15.0
175410,1 ,1,0.0,7.5
175411,1 ,1,0.0,7.5
175412,1 ,1,0.0,10.0
175413,1 ,1,0.0,21.0
175414,1 ,1,0.0,31.5
175416,1 ,1,0.0,3.5993
175417,1 ,1,0.0,3.0
175418,1 ,1,0.0,3.0
175419,1 ,1,0.0,3.0
175421,1 ,1,0.0,22.0
175425,1 ,1,0.0,10.0
175427,1 ,1,0.0,16.2
175435,1 ,1,0.0,-93.06
175436,1 ,1,0.0,-93.06
175444,1 ,1,0.0,-154.2
175445,1 ,1,0.0,-114.1
175461,1 ,1,0.0,-136.1
175467,1 ,1,0.0,-154.0
175473,1 ,1,0.0,3.9
175476,1 ,1,0.0,-93.06
175493,1 ,1,0.0,2.4
175494,1 ,1,0.0,2.4
175495,1 ,1,0.0,-154.25
175496,1 ,1,0.0,-154.25
175497,1 ,1,0.0,-154.25
175498,1 ,1,0.0,-154.25
175499,1 ,1,0.0,-154.25
175500,1 ,1,0.0,2.3995
175502,1 ,1,0.0,1.2
175503,1 ,1,0.0,1.2
175504,1 ,1,0.0,1.2
175505,1 ,1,0.0,1.2
175506,1 ,1,0.0,5.9989
175511,1 ,1,0.0,2.4
175512,1 ,1,0.0,2.4
175513,1 ,1,0.0,4.7991
175514,1 ,1,0.0,12.6
175515,1 ,1,0.0,1.2
175516,1 ,1,0.0,1.2
175517,1 ,1,0.0,4.0
175518,1 ,1,0.0,4.0
175519,1 ,1,0.0,2.7
175520,1 ,1,0.0,2.7
175521,1 ,1,0.0,3.6
175522,1 ,1,0.0,3.6
175523,1 ,1,0.0,3.6
175524,1 ,1,0.0,3.6
175525,1 ,1,0.0,3.6
175526,1 ,1,0.0,3.6
175527,1 ,1,0.0,3.6
175528,1 ,1,0.0,3.6
175532,1 ,1,0.0,3.5993
175533,1 ,1,0.0,3.5993
175534,1 ,1,0.0,3.5993
175535,1 ,1,0.0,3.5993
175537,1 ,1,0.0,14.3782
175538,1 ,1,0.0,30.0
175541,1 ,1,0.0,2.9994
175542,1 ,1,0.0,2.9994
175543,1 ,1,0.0,2.9994
175544,1 ,1,0.0,18.0013
175545,1 ,1,0.0,2.4
175546,1 ,1,0.0,2.4
175547,1 ,1,0.0,2.4
175548,1 ,1,0.0,2.4
175549,1 ,1,0.0,2.4
175550,1 ,1,0.0,2.4
175551,1 ,1,0.0,2.4
175552,1 ,1,0.0,2.4
175553,1 ,1,0.0,2.4
175554,1 ,1,0.0,2.4
175555,1 ,1,0.0,1.2
175556,1 ,1,0.0,1.2
175557,1 ,1,0.0,1.2
175558,1 ,1,0.0,1.2
175559,1 ,1,0.0,14.402
175560,1 ,1,0.0,14.402
175561,1 ,1,0.0,21.6007
175562,1 ,1,0.0,-34.9933
175563,1 ,1,0.0,2.4
175564,1 ,1,0.0,2.4
175565,1 ,1,0.0,2.4
175566,1 ,1,0.0,2.4
175569,1 ,1,0.0,2.4
175570,1 ,1,0.0,2.4
175571,1 ,1,0.0,2.4
175572,1 ,1,0.0,2.4
175573,1 ,1,0.0,60.0005
175584,1 ,1,0.0,7.1986
175588,1 ,1,0.0,40.0
175589,1 ,1,0.0,40.0
175590,1 ,1,0.0,40.0
175591,1 ,1,0.0,40.0
175592,1 ,1,0.0,14.402
175593,1 ,1,0.0,14.402
175594,1 ,1,0.0,14.402
175601,1 ,1,0.0,6.1226
175602,1 ,1,0.0,14.402
175603,1 ,1,0.0,3.5993
175604,1 ,1,0.0,3.5993
175605,1 ,1,0.0,1.2
175606,1 ,1,0.0,1.2
175607,1 ,1,0.0,1.2
175608,1 ,1,0.0,1.2
175609,1 ,1,0.0,3.5993
175610,1 ,1,0.0,3.5993
175611,1 ,1,0.0,20.996
175612,1 ,1,0.0,9.7005
175613,1 ,1,0.0,-75.0
175614,1 ,1,0.0,-50.0
175615,1 ,1,0.0,-75.0
175616,1 ,1,0.0,-50.0
175626,1 ,1,0.0,7.4998
175627,1 ,1,0.0,18.0013
175628,1 ,1,0.0,14.402
175629,1 ,1,0.0,3.5993
175630,1 ,1,0.0,3.5993
175631,1 ,1,0.0,14.402
175632,1 ,1,0.0,21.6007
175633,1 ,1,0.0,16.35
175637,1 ,1,0.0,-54.0374
175638,1 ,1,0.0,-53.5613
175639,1 ,1,0.0,42.9918
175640,1 ,1,0.0,42.9918
175641,1 ,1,0.0,84.5871
175646,1 ,1,0.0,18.0013
175647,1 ,1,0.0,18.0013
175648,1 ,1,0.0,84.5871
175650,1 ,1,0.0,25.0
175651,1 ,1,0.0,-110.0
175652,1 ,1,0.0,-110.0
175653,1 ,1,0.0,-110.0
175654,1 ,1,0.0,-110.0
175655,1 ,1,0.0,11.7
175656,1 ,1,0.0,11.7
175657,1 ,1,0.0,7.5
175658,1 ,1,0.0,-180.0
175659,1 ,1,0.0,50.0
175660,1 ,1,0.0,15.0
175661,1 ,1,0.0,9.9
175662,1 ,1,0.0,45.7
175663,1 ,1,0.0,45.7
175664,1 ,1,0.0,-20.0
175665,1 ,1,0.0,50.0
175666,1 ,1,0.0,30.0
175667,1 ,1,0.0,20.7
175668,1 ,1,0.0,9.0
175669,1 ,1,0.0,9.0
175670,1 ,1,0.0,10.8
175671,1 ,1,0.0,129.6
175672,1 ,1,0.0,129.6
175673,1 ,1,0.0,-180.0
175674,1 ,1,0.0,20.0
175675,1 ,1,0.0,50.4
175676,1 ,1,0.0,6.6
175677,1 ,1,0.0,11.7
175678,1 ,1,0.0,11.7
175679,1 ,1,0.0,11.7
175680,1 ,1,0.0,11.7
175681,1 ,1,0.0,8.5
175682,1 ,1,0.0,8.5
175683,1 ,1,0.0,33.0
175684,1 ,1,0.0,25.0
175685,1 ,1,0.0,33.0
175686,1 ,1,0.0,25.0
175687,1 ,1,0.0,-50.0
175688,1 ,1,0.0,-50.0
175689,1 ,1,0.0,7.8
175690,1 ,1,0.0,6.0
175691,1 ,1,0.0,48.0
175692,1 ,1,0.0,48.0
175695,1 ,1,0.0,32.4
175696,1 ,1,0.0,32.4
175697,1 ,1,0.0,6.0
175698,1 ,1,0.0,32.5
175699,1 ,1,0.0,22.5
175700,1 ,1,0.0,-40.0
175701,1 ,1,0.0,91.0
175702,1 ,1,0.0,36.0
175703,1 ,1,0.0,35.0
175704,1 ,1,0.0,35.0
175705,1 ,1,0.0,13.2
175706,1 ,1,0.0,45.0
175707,1 ,1,0.0,91.0
175708,1 ,1,0.0,45.0
175709,1 ,1,0.0,45.0
175710,1 ,1,0.0,45.0
175711,1 ,1,0.0,45.0
175712,1 ,1,0.0,50.0
175713,1 ,1,0.0,50.0
175714,1 ,1,0.0,93.0
175715,1 ,1,0.0,36.0
175716,1 ,1,0.0,36.0
175717,1 ,1,0.0,-20.0
175718,1 ,1,0.0,35.0
175719,1 ,1,0.0,35.0
175720,1 ,1,0.0,60.0
175721,1 ,1,0.0,60.0
175722,1 ,1,0.0,25.0
175723,1 ,1,0.0,25.0
175724,1 ,1,0.0,7.5
175725,1 ,1,0.0,-10.0
175726,1 ,1,0.0,-10.0
175727,1 ,1,0.0,-10.0
175728,1 ,1,0.0,-10.0
175729,1 ,1,0.0,45.0
175730,1 ,1,0.0,37.0
175731,1 ,1,0.0,37.0
175732,1 ,1,0.0,47.2
175733,1 ,1,0.0,47.2
175734,1 ,1,0.0,90.0
175735,1 ,1,0.0,-20.0
175736,1 ,1,0.0,-20.0
175737,1 ,1,0.0,-40.0
175738,1 ,1,0.0,-20.0
175739,1 ,1,0.0,15.0
175740,1 ,1,0.0,15.0
175741,1 ,1,0.0,-40.0
175742,1 ,1,0.0,45.0
175743,1 ,1,0.0,49.5
175744,1 ,1,0.0,15.0
175745,1 ,1,0.0,15.0
175746,1 ,1,0.0,45.0
175747,1 ,1,0.0,-40.0
175748,1 ,1,0.0,-40.0
175749,1 ,1,0.0,2.1
175750,1 ,1,0.0,15.0
175751,1 ,1,0.0,-0.29
175752,1 ,1,0.0,-0.29
175753,1 ,1,0.0,3.0
175754,1 ,1,0.0,3.0
175755,1 ,1,0.0,3.0
175756,1 ,1,0.0,22.0
175757,1 ,1,0.0,13.5
175758,1 ,1,0.0,45.0
175759,1 ,1,0.0,45.0
175760,1 ,1,0.0,-10.0
175761,1 ,1,0.0,-10.0
175762,1 ,1,0.0,-10.0
175763,1 ,1,0.0,-10.0
175764,1 ,1,0.0,-10.0
175765,1 ,1,0.0,-10.0
175766,1 ,1,0.0,45.0
175767,1 ,1,0.0,51.0
175768,1 ,1,0.0,-30.0
175769,1 ,1,0.0,45.0
175770,1 ,1,0.0,-30.0
175771,1 ,1,0.0,45.0
175772,1 ,1,0.0,45.0
175773,1 ,1,0.0,1.35
175774,1 ,1,0.0,35.0
175775,1 ,1,0.0,20.0
175776,1 ,1,0.0,20.0
175777,1 ,1,0.0,4.8
175778,1 ,1,0.0,50.4
175779,1 ,1,0.0,4.8
175780,1 ,1,0.0,4.8
175781,1 ,1,0.0,4.8
175782,1 ,1,0.0,7.5
175783,1 ,1,0.0,45.0
175784,1 ,1,0.0,45.0
175785,1 ,1,0.0,-10.0
175786,1 ,1,0.0,-10.0
175787,1 ,1,0.0,5.4
175788,1 ,1,0.0,5.4
175789,1 ,1,0.0,5.4
175790,1 ,1,0.0,51.0
175791,1 ,1,0.0,-40.0
175792,1 ,1,0.0,-30.0
175793,1 ,1,0.0,51.0
175796,1 ,1,0.0,50.0
175797,1 ,1,0.0,50.0
175798,1 ,1,0.0,50.0
175799,1 ,1,0.0,50.0
175800,1 ,1,0.0,3.6
175801,1 ,1,0.0,3.6
175802,1 ,1,0.0,6.07
175803,1 ,1,0.0,6.07
175804,1 ,1,0.0,3.6
175805,1 ,1,0.0,3.6
175806,1 ,1,0.0,1.35
175807,1 ,1,0.0,-122.45
175808,1 ,1,0.0,-122.45
175809,1 ,1,0.0,-122.45
175810,1 ,1,0.0,250.0
175811,1 ,1,0.0,250.0
175812,1 ,1,0.0,1.94
175813,1 ,1,0.0,1.94
175814,1 ,1,0.0,1.2
175815,1 ,1,0.0,1.2
175816,1 ,1,0.0,1.2
175817,1 ,1,0.0,4.8
175818,1 ,1,0.0,1.2
175819,1 ,1,0.0,9.75
175820,1 ,1,0.0,20.0
175821,1 ,1,0.0,20.0
175822,1 ,1,0.0,9.8
175823,1 ,1,0.0,9.2
175824,1 ,1,0.0,9.8
175825,1 ,1,0.0,34.34
175826,1 ,1,0.0,17.57
175827,1 ,1,0.0,34.34
175828,1 ,1,0.0,30.0
175829,1 ,1,0.0,30.0
175830,1 ,1,0.0,21.81
175831,1 ,1,0.0,-15.01
175832,1 ,1,0.0,-19.99
175833,1 ,1,0.0,-19.92
175834,1 ,1,0.0,-35.03
175835,1 ,1,0.0,-15.03
175836,1 ,1,0.0,1.0
175837,1 ,1,0.0,3.6
175838,1 ,1,0.0,1.2
175839,1 ,1,0.0,3.6
175840,1 ,1,0.0,3.6
175841,1 ,1,0.0,1.2
175842,1 ,1,0.0,1.2
175843,1 ,1,0.0,1.2
175844,1 ,1,0.0,1.2
175845,1 ,1,0.0,-122.45
175846,1 ,1,0.0,19.6
175847,1 ,1,0.0,-122.45
175848,1 ,1,0.0,-67.75
175849,1 ,1,0.0,19.6
175850,1 ,1,0.0,-12.0
175851,1 ,1,0.0,-12.0
175852,1 ,1,0.0,1.8
175853,1 ,1,0.0,1.8
175854,1 ,1,0.0,1.2
175855,1 ,1,0.0,1.2
175856,1 ,1,0.0,2.4
175857,1 ,1,0.0,1.2
175858,1 ,1,0.0,15.0
175860,1 ,1,0.0,1.2
175861,1 ,1,0.0,1.2
175862,1 ,1,0.0,9.83
175863,1 ,1,0.0,1.8
175864,1 ,1,0.0,1.8
175865,1 ,1,0.0,1.8
175866,1 ,1,0.0,1.8
175867,1 ,1,0.0,1.8
175868,1 ,1,0.0,1.2
175869,1 ,1,0.0,1.8
175870,1 ,1,0.0,1.8
175871,1 ,1,0.0,1.2
175872,1 ,1,0.0,9.83
175873,1 ,1,0.0,4.8
175874,1 ,1,0.0,1.5
175875,1 ,1,0.0,1.2
175876,1 ,1,0.0,1.2
175877,1 ,1,0.0,1.8
175878,1 ,1,0.0,1.2
175879,1 ,1,0.0,1.2
175880,1 ,1,0.0,0.0179
175881,1 ,1,0.0,9.0
175882,1 ,1,0.0,9.0
175883,1 ,1,0.0,9.0
175884,1 ,1,0.0,9.0
175885,1 ,1,0.0,9.6
175886,1 ,1,0.0,2.4
175887,1 ,1,0.0,13.8
175888,1 ,1,0.0,13.8
175889,1 ,1,0.0,1.8
175890,1 ,1,0.0,13.8
175891,1 ,1,0.0,1.2
175892,1 ,1,0.0,13.8
175893,1 ,1,0.0,11.05
175894,1 ,1,0.0,1.8
175895,1 ,1,0.0,9.6
175896,1 ,1,0.0,2.4
175897,1 ,1,0.0,1.2
175898,1 ,1,0.0,1.2
175899,1 ,1,0.0,30.0
175900,1 ,1,0.0,8.13
175901,1 ,1,0.0,8.13
175902,1 ,1,0.0,-122.45
175903,1 ,1,0.0,-5.16
175904,1 ,1,0.0,-122.45
175905,1 ,1,0.0,-122.45
175906,1 ,1,0.0,-122.45
175907,1 ,1,0.0,-122.45
175908,1 ,1,0.0,-122.45
175909,1 ,1,0.0,-122.45
175910,1 ,1,0.0,-5.16
175911,1 ,1,0.0,-122.45
175912,1 ,1,0.0,12.0
175913,1 ,1,0.0,7.0
175914,1 ,1,0.0,25.0
175916,1 ,1,0.0,1.3
175919,1 ,1,0.0,8.0
175920,1 ,1,0.0,6.0
175921,1 ,1,0.0,6.0
175922,1 ,1,0.0,12.0
175923,1 ,1,0.0,1.8
175926,1 ,1,0.0,5.4
175927,1 ,1,0.0,1.8
175928,1 ,1,0.0,1.8
175929,1 ,1,0.0,1.8
175931,1 ,1,0.0,3.6
175932,1 ,1,0.0,1.2
175933,1 ,1,0.0,-122.45
175934,1 ,1,0.0,-122.45
175935,1 ,1,0.0,-122.45
175938,1 ,1,0.0,1.2
175939,1 ,1,0.0,1.2
175940,1 ,1,0.0,1.8
175941,1 ,1,0.0,1.8
175942,1 ,1,0.0,6.6
175943,1 ,1,0.0,1.2
175944,1 ,1,0.0,1.8
175945,1 ,1,0.0,1.2
175946,1 ,1,0.0,12.0
175947,1 ,1,0.0,1.2
175948,1 ,1,0.0,19.2
175949,1 ,1,0.0,1.2
175950,1 ,1,0.0,1.2
175951,1 ,1,0.0,1.8
175952,1 ,1,0.0,1.2
175953,1 ,1,0.0,1.8
175954,1 ,1,0.0,1.8
175955,1 ,1,0.0,12.0
175956,1 ,1,0.0,19.2
175957,1 ,1,0.0,1.2
175958,1 ,1,0.0,1.8
175959,1 ,1,0.0,1.8
175960,1 ,1,0.0,1.2
175961,1 ,1,0.0,1.2
175962,1 ,1,0.0,5.0
175964,1 ,1,0.0,4.3
175965,1 ,1,0.0,2.4
175966,1 ,1,0.0,1.2
175974,1 ,1,0.0,1.2
175975,1 ,1,0.0,1.2
175976,1 ,1,0.0,1.2
175978,1 ,1,0.0,4.8
175980,1 ,1,0.0,1.2
175981,1 ,1,0.0,1.8
175982,1 ,1,0.0,6.0
175983,1 ,1,0.0,1.2
175984,1 ,1,0.0,1.2
175985,1 ,1,0.0,1.2
175986,1 ,1,0.0,1.8
175987,1 ,1,0.0,1.8
175988,1 ,1,0.0,1.8
175989,1 ,1,0.0,1.2
175990,1 ,1,0.0,110.56
175991,1 ,1,0.0,-74.69
175992,1 ,1,0.0,125.0
175993,1 ,1,0.0,110.56
175994,1 ,1,0.0,-74.69
175995,1 ,1,0.0,-132.19
175996,1 ,1,0.0,-132.19
175997,1 ,1,0.0,110.56
175998,1 ,1,0.0,9.6
175999,1 ,1,0.0,5.49
176000,1 ,1,0.0,9.0
176001,1 ,1,0.0,9.0
176002,1 ,1,0.0,-38.95
176003,1 ,1,0.0,-38.95
176004,1 ,1,0.0,-38.95
176005,1 ,1,0.0,50.0
176006,1 ,1,0.0,50.0
176007,1 ,1,0.0,50.0
176008,1 ,1,0.0,50.0
176009,1 ,1,0.0,50.0
176010,1 ,1,0.0,-122.45
176011,1 ,1,0.0,-71.18
176012,1 ,1,0.0,-132.19
176013,1 ,1,0.0,-122.45
176014,1 ,1,0.0,-122.45
176015,1 ,1,0.0,-122.45
176016,1 ,1,0.0,-122.45
176017,1 ,1,0.0,-122.45
176018,1 ,1,0.0,1.2
176019,1 ,1,0.0,1.8
176020,1 ,1,0.0,1.2
176021,1 ,1,0.0,1.2
176022,1 ,1,0.0,1.2
176023,1 ,1,0.0,1.8
176024,1 ,1,0.0,4.5
176025,1 ,1,0.0,4.5
176026,1 ,1,0.0,1.2
176027,1 ,1,0.0,1.2
176028,1 ,1,0.0,1.8
176029,1 ,1,0.0,1.2
176030,1 ,1,0.0,1.8
176031,1 ,1,0.0,1.8
176032,1 ,1,0.0,1.2
176033,1 ,1,0.0,3.6
176034,1 ,1,0.0,2.4
176035,1 ,1,0.0,19.76
176036,1 ,1,0.0,30.0
176037,1 ,1,0.0,1.8
176038,1 ,1,0.0,1.8
176039,1 ,1,0.0,1.8
176040,1 ,1,0.0,1.8
176041,1 ,1,0.0,1.8
176042,1 ,1,0.0,3.0
176043,1 ,1,0.0,1.2
176044,1 ,1,0.0,1.2
176045,1 ,1,0.0,1.2
176046,1 ,1,0.0,1.2
176047,1 ,1,0.0,1.2
176048,1 ,1,0.0,1.2
176049,1 ,1,0.0,1.2
176050,1 ,1,0.0,1.2
176051,1 ,1,0.0,1.2
176052,1 ,1,0.0,1.2
176054,1 ,1,0.0,-122.45
176055,1 ,1,0.0,112.01
176056,1 ,1,0.0,112.01
176057,1 ,1,0.0,-132.19
176058,1 ,1,0.0,112.01
176059,1 ,1,0.0,112.01
176062,1 ,1,0.0,-132.19
176063,1 ,1,0.0,16.0
176064,1 ,1,0.0,1.2
176065,1 ,1,0.0,1.2
176066,1 ,1,0.0,3.0
176067,1 ,1,0.0,1.2
176068,1 ,1,0.0,1.2
176069,1 ,1,0.0,1.2
176070,1 ,1,0.0,1.8
176071,1 ,1,0.0,1.2
176072,1 ,1,0.0,1.2
176073,1 ,1,0.0,2.4
176074,1 ,1,0.0,1.8
176075,1 ,1,0.0,1.8
176076,1 ,1,0.0,1.8
176077,1 ,1,0.0,2.4
176078,1 ,1,0.0,7.2
176079,1 ,1,0.0,1.8
176080,1 ,1,0.0,2.4
176081,1 ,1,0.0,1.8
176082,1 ,1,0.0,8.4
176083,1 ,1,0.0,2.4
176084,1 ,1,0.0,2.4
176085,1 ,1,0.0,2.4
176086,1 ,1,0.0,2.4
176087,1 ,1,0.0,2.4
176088,1 ,1,0.0,2.4
176089,1 ,1,0.0,-74.69
176090,1 ,1,0.0,-122.45
176091,1 ,1,0.0,-122.45
176092,1 ,1,0.0,-74.69
176093,1 ,1,0.0,1.8
176094,1 ,1,0.0,1.8
176095,1 ,1,0.0,1.8
176096,1 ,1,0.0,1.8
176097,1 ,1,0.0,1.8
176098,1 ,1,0.0,2.4
176099,1 ,1,0.0,2.4
176100,1 ,1,0.0,2.4
176101,1 ,1,0.0,2.4
176102,1 ,1,0.0,-45.02
176103,1 ,1,0.0,2.4
176104,1 ,1,0.0,-45.02
176105,1 ,1,0.0,1.8
176106,1 ,1,0.0,1.8
176107,1 ,1,0.0,1.8
176108,1 ,1,0.0,1.2
176109,1 ,1,0.0,1.2
176110,1 ,1,0.0,1.2
176111,1 ,1,0.0,2.4
176112,1 ,1,0.0,1.2
176113,1 ,1,0.0,2.4
176114,1 ,1,0.0,1.8
176115,1 ,1,0.0,1.8
176116,1 ,1,0.0,1.8
176117,1 ,1,0.0,1.8
176118,1 ,1,0.0,1.8
176119,1 ,1,0.0,-122.45
176120,1 ,1,0.0,-122.45
176121,1 ,1,0.0,-122.45
176122,1 ,1,0.0,-122.45
176123,1 ,1,0.0,-122.45
176124,1 ,1,0.0,-122.45
176125,1 ,1,0.0,5.5
176126,1 ,1,0.0,5.5
176127,1 ,1,0.0,9.91
176128,1 ,1,0.0,9.91
176130,1 ,1,0.0,23.4
176131,1 ,1,0.0,3.6
176132,1 ,1,0.0,1.2
176133,1 ,1,0.0,1.2
176134,1 ,1,0.0,-122.45
176135,1 ,1,0.0,-66.0
176136,1 ,1,0.0,1.2
176137,1 ,1,0.0,1.2
176138,1 ,1,0.0,10.0
176139,1 ,1,0.0,1.2
176140,1 ,1,0.0,1.2
176141,1 ,1,0.0,1.2
176142,1 ,1,0.0,1.2
176143,1 ,1,0.0,2.4
176144,1 ,1,0.0,1.2
176145,1 ,1,0.0,1.8
176146,1 ,1,0.0,10.0
176147,1 ,1,0.0,10.6
176148,1 ,1,0.0,1.8
176149,1 ,1,0.0,5.0
176150,1 ,1,0.0,5.0
176151,1 ,1,0.0,1.8
176152,1 ,1,0.0,1.2
176153,1 ,1,0.0,1.8
176154,1 ,1,0.0,3.0
176155,1 ,1,0.0,1.8
176156,1 ,1,0.0,1.8
176157,1 ,1,0.0,6.6
176158,1 ,1,0.0,1.8
176159,1 ,1,0.0,1.2
176160,1 ,1,0.0,1.2
176161,1 ,1,0.0,46.66
176162,1 ,1,0.0,4.2
176163,1 ,1,0.0,1.2
176164,1 ,1,0.0,46.68
176165,1 ,1,0.0,6.0
176166,1 ,1,0.0,1.2
176167,1 ,1,0.0,46.68
176168,1 ,1,0.0,1.8
176171,1 ,1,0.0,1.5
176172,1 ,1,0.0,1.2
176173,1 ,1,0.0,1.5
176174,1 ,1,0.0,1.2
176175,1 ,1,0.0,1.8
176176,1 ,1,0.0,1.2
176177,1 ,1,0.0,1.2
176178,1 ,1,0.0,1.2
176179,1 ,1,0.0,10.8
176180,1 ,1,0.0,10.8
176181,1 ,1,0.0,1.2
176182,1 ,1,0.0,1.2
176183,1 ,1,0.0,1.8
176184,1 ,1,0.0,3.6
176185,1 ,1,0.0,-66.0
176186,1 ,1,0.0,20.0
176187,1 ,1,0.0,2.4
176188,1 ,1,0.0,-122.45
176189,1 ,1,0.0,-122.45
176190,1 ,1,0.0,35.0
176191,1 ,1,0.0,35.0
176192,1 ,1,0.0,35.0
176193,1 ,1,0.0,-42.67
176194,1 ,1,0.0,-35.0
176195,1 ,1,0.0,-35.0
176196,1 ,1,0.0,-42.67
176197,1 ,1,0.0,1.94
176198,1 ,1,0.0,1.94
176199,1 ,1,0.0,2.4
176200,1 ,1,0.0,1.2
176201,1 ,1,0.0,2.4
176202,1 ,1,0.0,1.2
176203,1 ,1,0.0,3.8
176204,1 ,1,0.0,2.4
176206,1 ,1,0.0,3.0
176207,1 ,1,0.0,1.8
176208,1 ,1,0.0,1.8
176209,1 ,1,0.0,1.2
176211,1 ,1,0.0,1.8
176212,1 ,1,0.0,1.2
176213,1 ,1,0.0,2.4
176214,1 ,1,0.0,2.4
176215,1 ,1,0.0,3.0
176216,1 ,1,0.0,1.8
176217,1 ,1,0.0,2.4
176218,1 ,1,0.0,2.4
176219,1 ,1,0.0,2.4
176220,1 ,1,0.0,2.4
176221,1 ,1,0.0,2.4
176222,1 ,1,0.0,2.4
176223,1 ,1,0.0,2.4
176224,1 ,1,0.0,3.6
176225,1 ,1,0.0,3.25
176226,1 ,1,0.0,40.0
176227,1 ,1,0.0,11.0
176228,1 ,1,0.0,1.2
176229,1 ,1,0.0,8.4
176230,1 ,1,0.0,1.2
176231,1 ,1,0.0,1.2
176232,1 ,1,0.0,1.2
176233,1 ,1,0.0,27.0
176234,1 ,1,0.0,-66.1
176235,1 ,1,0.0,-40.82
176236,1 ,1,0.0,-40.82
176237,1 ,1,0.0,-40.82
176238,1 ,1,0.0,-40.82
176239,1 ,1,0.0,-40.82
176240,1 ,1,0.0,-40.82
176241,1 ,1,0.0,-40.82
176242,1 ,1,0.0,-40.82
176243,1 ,1,0.0,-40.82
176244,1 ,1,0.0,-40.82
176245,1 ,1,0.0,-40.82
176246,1 ,1,0.0,-40.82
176247,1 ,1,0.0,-40.82
176248,1 ,1,0.0,-40.82
176249,1 ,1,0.0,-40.82
176250,1 ,1,0.0,-40.82
176251,1 ,1,0.0,-40.82
176252,1 ,1,0.0,-40.82
176253,1 ,1,0.0,-85.33
176254,1 ,1,0.0,-122.45
176255,1 ,1,0.0,-85.33
176256,1 ,1,0.0,1.2
176257,1 ,1,0.0,2.4
176258,1 ,1,0.0,1.2
176259,1 ,1,0.0,1.2
176260,1 ,1,0.0,1.2
176261,1 ,1,0.0,1.2
176262,1 ,1,0.0,1.2
176263,1 ,1,0.0,2.4
176264,1 ,1,0.0,-35.0
176265,1 ,1,0.0,-35.0
176266,1 ,1,0.0,-40.0
176267,1 ,1,0.0,34.6
176268,1 ,1,0.0,11.55
176269,1 ,1,0.0,40.0
176270,1 ,1,0.0,43.0
176271,1 ,1,0.0,1.8
176272,1 ,1,0.0,10.06
176273,1 ,1,0.0,2.4
176274,1 ,1,0.0,1.2
176275,1 ,1,0.0,2.4
176276,1 ,1,0.0,1.2
176277,1 ,1,0.0,1.2
176278,1 ,1,0.0,1.2
176279,1 ,1,0.0,4.4
176280,1 ,1,0.0,2.4
176281,1 ,1,0.0,2.4
176282,1 ,1,0.0,2.4
176283,1 ,1,0.0,4.8
176284,1 ,1,0.0,2.4
176285,1 ,1,0.0,2.4
176286,1 ,1,0.0,2.4
176287,1 ,1,0.0,-122.45
176288,1 ,1,0.0,-81.32
176289,1 ,1,0.0,-122.45
176290,1 ,1,0.0,-122.45
176291,1 ,1,0.0,-81.32
176292,1 ,1,0.0,-122.45
176293,1 ,1,0.0,-40.0
176294,1 ,1,0.0,-122.45
176296,1 ,1,0.0,-122.45
176297,1 ,1,0.0,1.8
176298,1 ,1,0.0,4.4
176299,1 ,1,0.0,3.3
176300,1 ,1,0.0,31.8
176301,1 ,1,0.0,3.6
176302,1 ,1,0.0,3.8
176303,1 ,1,0.0,39.0
176304,1 ,1,0.0,39.0
176305,1 ,1,0.0,10.8
176306,1 ,1,0.0,10.8
176307,1 ,1,0.0,10.8
176308,1 ,1,0.0,15.3
176309,1 ,1,0.0,15.3
176310,1 ,1,0.0,15.3
176311,1 ,1,0.0,14.4
176312,1 ,1,0.0,14.4
176313,1 ,1,0.0,14.4
176314,1 ,1,0.0,14.4
176315,1 ,1,0.0,14.4
176316,1 ,1,0.0,14.4
176317,1 ,1,0.0,10.0
176318,1 ,1,0.0,10.0
176319,1 ,1,0.0,10.0
176320,1 ,1,0.0,10.0
176321,1 ,1,0.0,10.0
176322,1 ,1,0.0,10.0
176323,1 ,1,0.0,10.0
176324,1 ,1,0.0,10.0
176325,1 ,1,0.0,14.4
176326,1 ,1,0.0,14.4
176327,1 ,1,0.0,14.4
176328,1 ,1,0.0,14.4
176329,1 ,1,0.0,14.4
176330,1 ,1,0.0,14.4
176331,1 ,1,0.0,14.4
176332,1 ,1,0.0,14.4
176333,1 ,1,0.0,14.4
176334,1 ,1,0.0,14.4
176335,1 ,1,0.0,14.4
176336,1 ,1,0.0,14.4
176337,1 ,1,0.0,14.4
176338,1 ,1,0.0,3.7
176339,1 ,1,0.0,3.7
176340,1 ,1,0.0,3.7
176341,1 ,1,0.0,3.7
176342,1 ,1,0.0,3.7
176343,1 ,1,0.0,3.8
176344,1 ,1,0.0,3.7
176345,1 ,1,0.0,3.7
176346,1 ,1,0.0,3.7
176347,1 ,1,0.0,3.8
176348,1 ,1,0.0,3.7
176349,1 ,1,0.0,3.7
176350,1 ,1,0.0,14.4
176351,1 ,1,0.0,14.4
176352,1 ,1,0.0,14.4
176353,1 ,1,0.0,14.4
176354,1 ,1,0.0,14.4
176355,1 ,1,0.0,14.4
176356,1 ,1,0.0,14.4
176357,1 ,1,0.0,14.4
176358,1 ,1,0.0,14.4
176359,1 ,1,0.0,14.4
176360,1 ,1,0.0,14.4
176361,1 ,1,0.0,14.4
176362,1 ,1,0.0,6.0
176363,1 ,1,0.0,6.0
176364,1 ,1,0.0,6.0
176365,1 ,1,0.0,6.0
176366,1 ,1,0.0,6.0
176367,1 ,1,0.0,6.0
176368,1 ,1,0.0,15.3
176369,1 ,1,0.0,14.4
176370,1 ,1,0.0,15.3
176371,1 ,1,0.0,14.4
176372,1 ,1,0.0,15.3
176373,1 ,1,0.0,14.4
176374,1 ,1,0.0,14.4
176375,1 ,1,0.0,14.4
176376,1 ,1,0.0,14.4
176377,1 ,1,0.0,14.4
176378,1 ,1,0.0,5.4
176379,1 ,1,0.0,5.4
176380,1 ,1,0.0,3.6
176381,1 ,1,0.0,10.0
176382,1 ,1,0.0,10.0
176383,1 ,1,0.0,7.2
176384,1 ,1,0.0,10.6
176385,1 ,1,0.0,3.6
176386,1 ,1,0.0,4.2
176387,1 ,1,0.0,1.8
176388,1 ,1,0.0,3.6
176389,1 ,1,0.0,4.8
176390,1 ,1,0.0,1.8
176391,1 ,1,0.0,2.4
176392,1 ,1,0.0,2.4
176393,1 ,1,0.0,2.4
176394,1 ,1,0.0,3.6
176395,1 ,1,0.0,20.0002
176396,1 ,1,0.0,20.4001
176397,1 ,1,0.0,-45.0
176398,1 ,1,0.0,-122.45
176399,1 ,1,0.0,1.2
176400,1 ,1,0.0,1.2
176402,1 ,1,0.0,3.6
176404,1 ,1,0.0,4.8
176405,1 ,1,0.0,34.34
176406,1 ,1,0.0,32.4
176407,1 ,1,0.0,15.4
176408,1 ,1,0.0,11.1
176409,1 ,1,0.0,21.6
176410,1 ,1,0.0,12.0
176412,1 ,1,0.0,5.0
176413,1 ,1,0.0,10.0
176414,1 ,1,0.0,43.7
176415,1 ,1,0.0,10.9298
176416,1 ,1,0.0,6.0
176417,1 ,1,0.0,32.4
176419,1 ,1,0.0,15.0
176420,1 ,1,0.0,30.0
176421,1 ,1,0.0,30.0
176422,1 ,1,0.0,30.0
176423,1 ,1,0.0,21.0
176424,1 ,1,0.0,21.0
176425,1 ,1,0.0,24.0
176426,1 ,1,0.0,24.0
176427,1 ,1,0.0,42.0
176428,1 ,1,0.0,21.0
176429,1 ,1,0.0,0.9
176430,1 ,1,0.0,42.0
176431,1 ,1,0.0,22.5
176432,1 ,1,0.0,41.7
176433,1 ,1,0.0,42.0
176434,1 ,1,0.0,34.5
176435,1 ,1,0.0,41.7
176436,1 ,1,0.0,45.0
176437,1 ,1,0.0,21.0
176438,1 ,1,0.0,21.0
176439,1 ,1,0.0,21.0
176440,1 ,1,0.0,42.0
176441,1 ,1,0.0,21.0
176442,1 ,1,0.0,21.0
176443,1 ,1,0.0,42.0
176444,1 ,1,0.0,20.8
176445,1 ,1,0.0,22.5
176446,1 ,1,0.0,30.0
176447,1 ,1,0.0,-50.0
176448,1 ,1,0.0,42.0
176451,1 ,1,0.0,12.15
176452,1 ,1,0.0,6.0
176454,1 ,1,0.0,12.0
176455,1 ,1,0.0,12.0
176456,1 ,1,0.0,12.0
176457,1 ,1,0.0,12.0
176458,1 ,1,0.0,-45.0
176459,1 ,1,0.0,-45.0
176460,1 ,1,0.0,-45.0
176461,1 ,1,0.0,-45.0
176462,1 ,1,0.0,24.0
176463,1 ,1,0.0,10.8
176464,1 ,1,0.0,12.0
176465,1 ,1,0.0,24.0
176466,1 ,1,0.0,24.0
176468,1 ,1,0.0,24.0
176469,1 ,1,0.0,24.0
176470,1 ,1,0.0,36.0
176471,1 ,1,0.0,36.0
176472,1 ,1,0.0,36.0
176473,1 ,1,0.0,24.0
176474,1 ,1,0.0,12.0
176475,1 ,1,0.0,24.0
176476,1 ,1,0.0,45.0
176477,1 ,1,0.0,45.0
176478,1 ,1,0.0,45.0
176479,1 ,1,0.0,7.5
176480,1 ,1,0.0,7.5
176481,1 ,1,0.0,7.5
176482,1 ,1,0.0,7.5
176483,1 ,1,0.0,45.0
176484,1 ,1,0.0,-30.0
176485,1 ,1,0.0,30.0
176486,1 ,1,0.0,30.0
176487,1 ,1,0.0,150.0
176488,1 ,1,0.0,112.5
176489,1 ,1,0.0,93.5
176491,1 ,1,0.0,-75.0
176492,1 ,1,0.0,60.0
176493,1 ,1,0.0,45.0
176494,1 ,1,0.0,-0.43
176495,1 ,1,0.0,175.0
176496,1 ,1,0.0,-50.0
176497,1 ,1,0.0,-91.0
176498,1 ,1,0.0,5.4
176499,1 ,1,0.0,5.4
176500,1 ,1,0.0,75.0
176501,1 ,1,0.0,-52.8
176502,1 ,1,0.0,10.1
176504,1 ,1,0.0,45.0
176505,1 ,1,0.0,7.5
176506,1 ,1,0.0,7.5
176507,1 ,1,0.0,-20.0
176508,1 ,1,0.0,45.0
176509,1 ,1,0.0,5.0
176510,1 ,1,0.0,14.0
176511,1 ,1,0.0,45.0
176512,1 ,1,0.0,48.0
176513,1 ,1,0.0,93.5
176514,1 ,1,0.0,60.0
176515,1 ,1,0.0,60.0
176516,1 ,1,0.0,50.0
176517,1 ,1,0.0,45.0
176518,1 ,1,0.0,45.0
176519,1 ,1,0.0,-40.0
176520,1 ,1,0.0,-40.0
176521,1 ,1,0.0,-40.0
176522,1 ,1,0.0,30.0
176523,1 ,1,0.0,4.8
176524,1 ,1,0.0,54.0
176525,1 ,1,0.0,-50.0
176526,1 ,1,0.0,-92.0
176528,1 ,1,0.0,-52.0
176529,1 ,1,0.0,-50.0
176530,1 ,1,0.0,-48.0
176531,1 ,1,0.0,-50.0
176532,1 ,1,0.0,-109.9
176533,1 ,1,0.0,-50.0
176534,1 ,1,0.0,-120.0
176535,1 ,1,0.0,-48.0
176536,1 ,1,0.0,-50.0
176537,1 ,1,0.0,175.0
176538,1 ,1,0.0,-48.0
176539,1 ,1,0.0,60.0
176540,1 ,1,0.0,-25.0
176541,1 ,1,0.0,22.5
176542,1 ,1,0.0,12.0
176543,1 ,1,0.0,12.0
176544,1 ,1,0.0,2.4
176545,1 ,1,0.0,2.4
176546,1 ,1,0.0,1.17
176547,1 ,1,0.0,-0.9
176548,1 ,1,0.0,1.17
176549,1 ,1,0.0,-0.9
176550,1 ,1,0.0,-110.0
176551,1 ,1,0.0,199.5
176552,1 ,1,0.0,12.0
176553,1 ,1,0.0,18.0
176554,1 ,1,0.0,-19.0
176555,1 ,1,0.0,18.0
176556,1 ,1,0.0,18.0
176557,1 ,1,0.0,-19.0
176558,1 ,1,0.0,16.5
176559,1 ,1,0.0,-20.0
176560,1 ,1,0.0,16.5
176561,1 ,1,0.0,16.5
176562,1 ,1,0.0,-148.75
176563,1 ,1,0.0,-1.8377
176564,1 ,1,0.0,-1.8377
176565,1 ,1,0.0,16.3196
176566,1 ,1,0.0,-10.0005
176567,1 ,1,0.0,17.8002
176568,1 ,1,0.0,17.8002
176569,1 ,1,0.0,8.2921
176570,1 ,1,0.0,-148.75
176571,1 ,1,0.0,-148.75
176572,1 ,1,0.0,26.1194
176573,1 ,1,0.0,316.5
176574,1 ,1,0.0,316.5
176575,1 ,1,0.0,13.5688
176576,1 ,1,0.0,39.1989
176577,1 ,1,0.0,55.545
176578,1 ,1,0.0,-36.2894
176579,1 ,1,0.0,19.6127
176580,1 ,1,0.0,19.6127
176581,1 ,1,0.0,19.6127
176582,1 ,1,0.0,19.6127
176583,1 ,1,0.0,30.5233
176584,1 ,1,0.0,30.5233
176585,1 ,1,0.0,6.7447
176586,1 ,1,0.0,10.8048
176587,1 ,1,0.0,2.7471
176588,1 ,1,0.0,2.7471
176589,1 ,1,0.0,52.3974
176590,1 ,1,0.0,52.3974
176591,1 ,1,0.0,7.7033
176592,1 ,1,0.0,7.7033
176593,1 ,1,0.0,-186.0
176594,1 ,1,0.0,-186.0
176595,1 ,1,0.0,-186.0
176596,1 ,1,0.0,-186.0
176597,1 ,1,0.0,-186.0
176598,1 ,1,0.0,-248.0
176599,1 ,1,0.0,-248.0
176600,1 ,1,0.0,-248.0
176601,1 ,1,0.0,-248.0
176602,1 ,1,0.0,25.4449
176603,1 ,1,0.0,6.5332
176604,1 ,1,0.0,-14.9971
176605,1 ,1,0.0,6.5332
176606,1 ,1,0.0,-9.0062
176607,1 ,1,0.0,6.5332
176608,1 ,1,0.0,40.6801
176609,1 ,1,0.0,11.9001
176610,1 ,1,0.0,11.9001
176611,1 ,1,0.0,27.8386
176612,1 ,1,0.0,380.75
176613,1 ,1,0.0,-4.0004
176614,1 ,1,0.0,-148.75
176615,1 ,1,0.0,20.7761
176616,1 ,1,0.0,20.7761
176617,1 ,1,0.0,20.7761
176618,1 ,1,0.0,20.7761
176619,1 ,1,0.0,20.7761
176620,1 ,1,0.0,20.7761
176621,1 ,1,0.0,20.7761
176622,1 ,1,0.0,4.9514
176623,1 ,1,0.0,380.75
176624,1 ,1,0.0,65.3315
176625,1 ,1,0.0,65.3315
176626,1 ,1,0.0,26.1326
176627,1 ,1,0.0,26.1326
176628,1 ,1,0.0,15.2616
176629,1 ,1,0.0,14.7062
176630,1 ,1,0.0,14.7062
176631,1 ,1,0.0,380.75
176632,1 ,1,0.0,-163.2494
176633,1 ,1,0.0,157.1659
176634,1 ,1,0.0,157.0601
176635,1 ,1,0.0,7.9997
176636,1 ,1,0.0,7.9997
176637,1 ,1,0.0,7.9997
176638,1 ,1,0.0,7.9997
176639,1 ,1,0.0,7.9997
176640,1 ,1,0.0,60.7424
176641,1 ,1,0.0,60.7424
176642,1 ,1,0.0,37.3077
176643,1 ,1,0.0,52.2123
176644,1 ,1,0.0,72.2085
176645,1 ,1,0.0,37.3077
176646,1 ,1,0.0,19.5862
176647,1 ,1,0.0,-38.2996
176648,1 ,1,0.0,19.5862
176649,1 ,1,0.0,9.6006
176650,1 ,1,0.0,7.9997
176651,1 ,1,0.0,-7.9997
176652,1 ,1,0.0,9.6006
176653,1 ,1,0.0,-248.0
176654,1 ,1,0.0,-148.75
176655,1 ,1,0.0,-110.0
176656,1 ,1,0.0,-248.0
176657,1 ,1,0.0,-109.0
176658,1 ,1,0.0,197.5
176659,1 ,1,0.0,197.5
176660,1 ,1,0.0,99.981
176661,1 ,1,0.0,99.981
176662,1 ,1,0.0,99.981
176663,1 ,1,0.0,99.981
176664,1 ,1,0.0,317.25
176665,1 ,1,0.0,-148.75
176666,1 ,1,0.0,-248.0
176667,1 ,1,0.0,39.1724
176668,1 ,1,0.0,143.6764
176669,1 ,1,0.0,143.6764
176670,1 ,1,0.0,152.352
176671,1 ,1,0.0,-172.4011
176672,1 ,1,0.0,-172.4011
176673,1 ,1,0.0,308.5
176674,1 ,1,0.0,316.5
176675,1 ,1,0.0,316.5
176676,1 ,1,0.0,47.2265
176677,1 ,1,0.0,47.2265
176678,1 ,1,0.0,16.6635
176679,1 ,1,0.0,13.0531
176680,1 ,1,0.0,12.4976
176681,1 ,1,0.0,7.6573
176682,1 ,1,0.0,5.3002
176683,1 ,1,0.0,5.3002
176684,1 ,1,0.0,5.3002
176685,1 ,1,0.0,5.3002
176686,1 ,1,0.0,8.6227
176687,1 ,1,0.0,9.2046
176688,1 ,1,0.0,9.2046
176689,1 ,1,0.0,9.0988
176690,1 ,1,0.0,9.2046
176691,1 ,1,0.0,9.0988
176692,1 ,1,0.0,-180.0187
176693,1 ,1,0.0,152.352
176694,1 ,1,0.0,152.881
176695,1 ,1,0.0,55.5582
176696,1 ,1,0.0,19.5862
176697,1 ,1,0.0,329.25
176698,1 ,1,0.0,316.5
176699,1 ,1,0.0,-148.75
176700,1 ,1,0.0,-148.75
176701,1 ,1,0.0,316.5
176702,1 ,1,0.0,-148.75
176703,1 ,1,0.0,290.75
176704,1 ,1,0.0,152.352
176705,1 ,1,0.0,-10.0005
176706,1 ,1,0.0,14.1354
176707,1 ,1,0.0,14.1354
176708,1 ,1,0.0,14.1354
176709,1 ,1,0.0,23.7389
176710,1 ,1,0.0,13.0531
176711,1 ,1,0.0,-248.0
176712,1 ,1,0.0,-248.0
176713,1 ,1,0.0,329.25
176714,1 ,1,0.0,312.0
176715,1 ,1,0.0,312.0
176716,1 ,1,0.0,78.3449
176717,1 ,1,0.0,10.2097
176718,1 ,1,0.0,41.672
176719,1 ,1,0.0,91.4641
176720,1 ,1,0.0,91.4641
176721,1 ,1,0.0,11.4793
176722,1 ,1,0.0,11.4793
176723,1 ,1,0.0,13.0928
176724,1 ,1,0.0,127.7535
176725,1 ,1,0.0,127.7535
176726,1 ,1,0.0,127.7535
176727,1 ,1,0.0,-1.4997
176728,1 ,1,0.0,8.9995
176729,1 ,1,0.0,8.9995
176730,1 ,1,0.0,11.876
176731,1 ,1,0.0,11.876
176732,1 ,1,0.0,11.876
176733,1 ,1,0.0,11.876
176734,1 ,1,0.0,-180.0187
176735,1 ,1,0.0,104.4775
176736,1 ,1,0.0,7.051
176737,1 ,1,0.0,-248.0
176738,1 ,1,0.0,24.2943
176739,1 ,1,0.0,19.4408
176740,1 ,1,0.0,19.5862
176741,1 ,1,0.0,74.6419
176742,1 ,1,0.0,-8.4996
176743,1 ,1,0.0,-8.4996
176744,1 ,1,0.0,11.0003
176745,1 ,1,0.0,11.0003
176746,1 ,1,0.0,4.0004
176747,1 ,1,0.0,4.0004
176748,1 ,1,0.0,-4.5003
176749,1 ,1,0.0,-4.5003
176750,1 ,1,0.0,14.9995
176751,1 ,1,0.0,14.9995
176752,1 ,1,0.0,14.9995
176753,1 ,1,0.0,-4.0004
176754,1 ,1,0.0,14.9995
176755,1 ,1,0.0,-4.0004
176756,1 ,1,0.0,78.3978
176757,1 ,1,0.0,78.3978
176758,1 ,1,0.0,78.3978
176759,1 ,1,0.0,308.0
176760,1 ,1,0.0,78.3581
176761,1 ,1,0.0,78.3581
176762,1 ,1,0.0,78.3581
176763,1 ,1,0.0,78.3449
176764,1 ,1,0.0,152.352
176765,1 ,1,0.0,153.3571
176766,1 ,1,0.0,152.352
176769,1 ,1,0.0,-186.0
176770,1 ,1,0.0,22.8925
176771,1 ,1,0.0,22.8925
176772,1 ,1,0.0,23.7389
176773,1 ,1,0.0,29.386
176774,1 ,1,0.0,15.4066
176775,1 ,1,0.0,27.0044
176776,1 ,1,0.0,15.4066
176777,1 ,1,0.0,29.9943
176778,1 ,1,0.0,10.17
176779,1 ,1,0.0,25.4449
176780,1 ,1,0.0,25.4449
176781,1 ,1,0.0,130.9804
176782,1 ,1,0.0,129.4992
176783,1 ,1,0.0,129.4992
176784,1 ,1,0.0,6.5332
176785,1 ,1,0.0,6.5332
176786,1 ,1,0.0,30.5762
176787,1 ,1,0.0,30.5762
176788,1 ,1,0.0,9.5
176789,1 ,1,0.0,4.8003
176790,1 ,1,0.0,14.1021
176791,1 ,1,0.0,10.5789
176792,1 ,1,0.0,13.0531
176793,1 ,1,0.0,-248.0
176794,1 ,1,0.0,5.4002
176795,1 ,1,0.0,-7.4998
176796,1 ,1,0.0,5.4002
176797,1 ,1,0.0,39.1724
176798,1 ,1,0.0,20.5
176799,1 ,1,0.0,16.2
176800,1 ,1,0.0,-4.0088
176801,1 ,1,0.0,52.2123
176802,1 ,1,0.0,-36.1307
176803,1 ,1,0.0,78.3581
176805,1 ,1,0.0,21.5964
176806,1 ,1,0.0,1.7616
176807,1 ,1,0.0,24.0
176809,1 ,1,0.0,6.0
176810,1 ,1,0.0,-39.9924
176811,1 ,1,0.0,24.0
176812,1 ,1,0.0,24.0
176814,1 ,1,0.0,-24.9952
176815,1 ,1,0.0,-24.9952
176816,1 ,1,0.0,76.4934
176817,1 ,1,0.0,89.9829
176818,1 ,1,0.0,68.5055
176819,1 ,1,0.0,2.7
176820,1 ,1,0.0,7.2
176821,1 ,1,0.0,2.7
176822,1 ,1,0.0,-10.0
176823,1 ,1,0.0,30.0
176824,1 ,1,0.0,30.0003
176825,1 ,1,0.0,12.0
176826,1 ,1,0.0,-42.0026
176827,1 ,1,0.0,41.672
176828,1 ,1,0.0,-14.9971
176829,1 ,1,0.0,24.0
176830,1 ,1,0.0,24.0
176833,1 ,1,0.0,93.5
176834,1 ,1,0.0,93.5
176835,1 ,1,0.0,93.5
176836,1 ,1,0.0,-19.0
176837,1 ,1,0.0,18.0
176838,1 ,1,0.0,18.0
176839,1 ,1,0.0,18.0
176840,1 ,1,0.0,-20.0
176843,1 ,1,0.0,75.0
176845,1 ,1,0.0,-40.204
176846,1 ,1,0.0,6.0
176847,1 ,1,0.0,6.0
176848,1 ,1,0.0,22.0006
176849,1 ,1,0.0,48.0
176850,1 ,1,0.0,28.8
176851,1 ,1,0.0,24.5
176852,1 ,1,0.0,28.8
176853,1 ,1,0.0,24.5
176855,1 ,1,0.0,27.0
176856,1 ,1,0.0,24.5
176858,1 ,1,0.0,33.6
176860,1 ,1,0.0,-55.0
176861,1 ,1,0.0,24.0
176862,1 ,1,0.0,67.5
176863,1 ,1,0.0,67.5
176864,1 ,1,0.0,24.0
176865,1 ,1,0.0,10.8
176866,1 ,1,0.0,-30.0
176867,1 ,1,0.0,15.0
176868,1 ,1,0.0,15.0
176869,1 ,1,0.0,-95.0
176870,1 ,1,0.0,100.0
176871,1 ,1,0.0,220.0
176872,1 ,1,0.0,100.0
176873,1 ,1,0.0,10.8
176874,1 ,1,0.0,10.8
176875,1 ,1,0.0,10.8
176876,1 ,1,0.0,30.0
176877,1 ,1,0.0,28.6
176878,1 ,1,0.0,60.0
176879,1 ,1,0.0,-50.0
176880,1 ,1,0.0,55.0
176881,1 ,1,0.0,55.0
176882,1 ,1,0.0,-27.6
176883,1 ,1,0.0,200.0
176884,1 ,1,0.0,200.0
176885,1 ,1,0.0,200.0
176886,1 ,1,0.0,200.0
176887,1 ,1,0.0,36.0
176888,1 ,1,0.0,32.4
176889,1 ,1,0.0,90.0
176890,1 ,1,0.0,24.0
176891,1 ,1,0.0,36.0
176892,1 ,1,0.0,13.2
176893,1 ,1,0.0,13.2
176894,1 ,1,0.0,13.2
176895,1 ,1,0.0,13.2
176896,1 ,1,0.0,13.2
176897,1 ,1,0.0,24.0
176898,1 ,1,0.0,-90.0
176899,1 ,1,0.0,-20.0
176900,1 ,1,0.0,6.0
176901,1 ,1,0.0,5.0
176902,1 ,1,0.0,5.0
176903,1 ,1,0.0,36.0
176904,1 ,1,0.0,30.6
176905,1 ,1,0.0,43.0
176906,1 ,1,0.0,-30.0
176907,1 ,1,0.0,23.4
176908,1 ,1,0.0,32.4
176909,1 ,1,0.0,32.4
176910,1 ,1,0.0,20.0
176911,1 ,1,0.0,20.0
176912,1 ,1,0.0,67.3
176913,1 ,1,0.0,24.0
176914,1 ,1,0.0,26.4
176915,1 ,1,0.0,7.5
176916,1 ,1,0.0,13.4
176917,1 ,1,0.0,9.0
176918,1 ,1,0.0,-60.0
176919,1 ,1,0.0,-90.0
176920,1 ,1,0.0,200.0
176921,1 ,1,0.0,-15.0
176922,1 ,1,0.0,24.0
176923,1 ,1,0.0,4.8
176924,1 ,1,0.0,4.8
176925,1 ,1,0.0,25.0
176926,1 ,1,0.0,15.0
176927,1 ,1,0.0,15.0
176928,1 ,1,0.0,48.0
176929,1 ,1,0.0,100.0
176930,1 ,1,0.0,100.0
176931,1 ,1,0.0,15.0
176932,1 ,1,0.0,12.0
176933,1 ,1,0.0,30.0
176934,1 ,1,0.0,25.0
176935,1 ,1,0.0,220.0
176936,1 ,1,0.0,-50.0
176937,1 ,1,0.0,36.8
176938,1 ,1,0.0,36.8
176939,1 ,1,0.0,8.2
176940,1 ,1,0.0,30.0
176941,1 ,1,0.0,30.0
176942,1 ,1,0.0,30.0
176943,1 ,1,0.0,31.2
176944,1 ,1,0.0,31.2
176945,1 ,1,0.0,11.0
176946,1 ,1,0.0,12.0
176947,1 ,1,0.0,200.0
176948,1 ,1,0.0,12.0
176949,1 ,1,0.0,20.0
176950,1 ,1,0.0,24.0
176951,1 ,1,0.0,6.0
176952,1 ,1,0.0,12.0
176953,1 ,1,0.0,5.4
176954,1 ,1,0.0,15.0
176955,1 ,1,0.0,-5.0
176956,1 ,1,0.0,15.0
176957,1 ,1,0.0,25.0
176959,1 ,1,0.0,32.0
176960,1 ,1,0.0,32.0
176961,1 ,1,0.0,-25.0
176962,1 ,1,0.0,25.0
176963,1 ,1,0.0,25.0
176964,1 ,1,0.0,25.0
176965,1 ,1,0.0,25.0
176966,1 ,1,0.0,-100.0
176967,1 ,1,0.0,220.0
176968,1 ,1,0.0,-100.0
176969,1 ,1,0.0,7.2
176970,1 ,1,0.0,31.2
176971,1 ,1,0.0,150.0
176972,1 ,1,0.0,150.0
176973,1 ,1,0.0,120.0001
176974,1 ,1,0.0,30.0
176975,1 ,1,0.0,30.0
176976,1 ,1,0.0,-55.0
176977,1 ,1,0.0,-55.0
176978,1 ,1,0.0,150.0
176979,1 ,1,0.0,24.0
176980,1 ,1,0.0,41.6
176981,1 ,1,0.0,30.0
176982,1 ,1,0.0,66.0
176983,1 ,1,0.0,30.0
176985,1 ,1,0.0,27.0
176986,1 ,1,0.0,27.0
176987,1 ,1,0.0,-30.0
176988,1 ,1,0.0,220.0
176989,1 ,1,0.0,-61.0
176990,1 ,1,0.0,12.0
176991,1 ,1,0.0,12.0
176992,1 ,1,0.0,100.0
176993,1 ,1,0.0,100.0
176994,1 ,1,0.0,-25.0
176995,1 ,1,0.0,33.0
176996,1 ,1,0.0,33.0
176997,1 ,1,0.0,30.0
176998,1 ,1,0.0,18.0
176999,1 ,1,0.0,67.5
177000,1 ,1,0.0,12.0
177001,1 ,1,0.0,12.0
177002,1 ,1,0.0,36.0
177003,1 ,1,0.0,57.6
177004,1 ,1,0.0,100.0
177005,1 ,1,0.0,-95.0
177006,1 ,1,0.0,100.0
177007,1 ,1,0.0,210.0
177008,1 ,1,0.0,25.2
177009,1 ,1,0.0,-100.0
177010,1 ,1,0.0,12.0
177011,1 ,1,0.0,12.0
177012,1 ,1,0.0,50.0
177013,1 ,1,0.0,-25.0
177014,1 ,1,0.0,45.0
177015,1 ,1,0.0,8.4
177016,1 ,1,0.0,7.0
177017,1 ,1,0.0,7.0
177018,1 ,1,0.0,15.5
177019,1 ,1,0.0,15.5
177020,1 ,1,0.0,30.0
177021,1 ,1,0.0,-55.0
177022,1 ,1,0.0,120.0001
177023,1 ,1,0.0,-60.6
177024,1 ,1,0.0,-35.0
177025,1 ,1,0.0,24.0
177026,1 ,1,0.0,24.0
177027,1 ,1,0.0,24.0
177028,1 ,1,0.0,24.0
177029,1 ,1,0.0,48.0
177030,1 ,1,0.0,48.0
177031,1 ,1,0.0,24.0
177032,1 ,1,0.0,24.0
177033,1 ,1,0.0,24.0
177034,1 ,1,0.0,24.0
177035,1 ,1,0.0,30.0
177036,1 ,1,0.0,15.0
177037,1 ,1,0.0,4.0
177038,1 ,1,0.0,4.0
177039,1 ,1,0.0,4.0
177040,1 ,1,0.0,31.0
177041,1 ,1,0.0,13.1
177042,1 ,1,0.0,13.1
177043,1 ,1,0.0,5.4
177044,1 ,1,0.0,-25.0
177045,1 ,1,0.0,16.5
177046,1 ,1,0.0,11.9
177047,1 ,1,0.0,11.9
177049,1 ,1,0.0,24.0
177050,1 ,1,0.0,5.4
177051,1 ,1,0.0,12.0
177052,1 ,1,0.0,10.0
177053,1 ,1,0.0,10.0
177054,1 ,1,0.0,40.0
177055,1 ,1,0.0,50.0
177056,1 ,1,0.0,52.2123
177057,1 ,1,0.0,50.1492
177058,1 ,1,0.0,50.1492
177059,1 ,1,0.0,61.1127
177060,1 ,1,0.0,39.265
177061,1 ,1,0.0,39.265
177062,1 ,1,0.0,-148.75
177063,1 ,1,0.0,104.6891
177064,1 ,1,0.0,104.6891
177065,1 ,1,0.0,104.6891
177066,1 ,1,0.0,-163.2494
177067,1 ,1,0.0,-248.0
177068,1 ,1,0.0,-248.0
177069,1 ,1,0.0,26.1326
177070,1 ,1,0.0,39.1989
177071,1 ,1,0.0,11.9025
177072,1 ,1,0.0,11.876
177073,1 ,1,0.0,64.4851
177074,1 ,1,0.0,64.4322
177075,1 ,1,0.0,64.4851
177076,1 ,1,0.0,64.4851
177077,1 ,1,0.0,76.0173
177078,1 ,1,0.0,64.4322
177079,1 ,1,0.0,-148.75
177080,1 ,1,0.0,41.672
177081,1 ,1,0.0,153.6216
177082,1 ,1,0.0,153.6216
177083,1 ,1,0.0,153.6216
177084,1 ,1,0.0,11.876
177085,1 ,1,0.0,11.876
177086,1 ,1,0.0,-248.0
177087,1 ,1,0.0,196.25
177088,1 ,1,0.0,196.25
177089,1 ,1,0.0,237.75
177090,1 ,1,0.0,237.75
177091,1 ,1,0.0,236.0
177092,1 ,1,0.0,237.75
177093,1 ,1,0.0,237.75
177094,1 ,1,0.0,236.0
177095,1 ,1,0.0,236.0
177096,1 ,1,0.0,236.0
177097,1 ,1,0.0,196.0
177098,1 ,1,0.0,-248.0
177099,1 ,1,0.0,18.706
177100,1 ,1,0.0,11.0027
177101,1 ,1,0.0,59.9886
177102,1 ,1,0.0,74.7477
177103,1 ,1,0.0,23.7389
177104,1 ,1,0.0,29.4388
177105,1 ,1,0.0,29.4388
177106,1 ,1,0.0,13.0663
177107,1 ,1,0.0,13.0663
177108,1 ,1,0.0,13.0663
177109,1 ,1,0.0,6.7999
177110,1 ,1,0.0,6.7999
177111,1 ,1,0.0,6.7999
177112,1 ,1,0.0,6.7999
177113,1 ,1,0.0,0.9998
177114,1 ,1,0.0,1.5699
177115,1 ,1,0.0,0.9998
177116,1 ,1,0.0,0.9998
177117,1 ,1,0.0,1.9996
177118,1 ,1,0.0,0.9998
177119,1 ,1,0.0,1.9996
177120,1 ,1,0.0,0.9998
177121,1 ,1,0.0,0.9998
177122,1 ,1,0.0,19.5862
177127,1 ,1,0.0,30.5233
177128,1 ,1,0.0,151.823
177129,1 ,1,0.0,80.9899
177130,1 ,1,0.0,-172.4011
177131,1 ,1,0.0,151.823
177132,1 ,1,0.0,50.8898
177133,1 ,1,0.0,28.0
177134,1 ,1,0.0,7.5
177135,1 ,1,0.0,100.0
177137,1 ,1,0.0,-60.0
177139,1 ,1,0.0,52.0
177140,1 ,1,0.0,14.0
177141,1 ,1,0.0,52.0
177142,1 ,1,0.0,-60.0
177143,1 ,1,0.0,27.0
177144,1 ,1,0.0,-65.0
177145,1 ,1,0.0,-40.0
177146,1 ,1,0.0,-65.0
177147,1 ,1,0.0,26.0
177148,1 ,1,0.0,26.0
177149,1 ,1,0.0,27.0
177150,1 ,1,0.0,-32.0
177151,1 ,1,0.0,-65.4
177152,1 ,1,0.0,25.0
177153,1 ,1,0.0,-60.0
177154,1 ,1,0.0,-60.0
177155,1 ,1,0.0,-60.0
177156,1 ,1,0.0,-65.0
177157,1 ,1,0.0,48.0
177158,1 ,1,0.0,48.0
177159,1 ,1,0.0,6.0
177160,1 ,1,0.0,6.0
177161,1 ,1,0.0,6.0
177162,1 ,1,0.0,6.0
177163,1 ,1,0.0,48.0
177164,1 ,1,0.0,48.0
177165,1 ,1,0.0,-65.0
177167,1 ,1,0.0,2.4
177168,1 ,1,0.0,3.6
177169,1 ,1,0.0,36.0
177170,1 ,1,0.0,36.0
177171,1 ,1,0.0,48.0
177172,1 ,1,0.0,6.0
177173,1 ,1,0.0,6.0
177174,1 ,1,0.0,29.0
177175,1 ,1,0.0,7.5
177176,1 ,1,0.0,10.2
177177,1 ,1,0.0,10.2
177178,1 ,1,0.0,18.0
177179,1 ,1,0.0,9.0
177180,1 ,1,0.0,9.0
177181,1 ,1,0.0,9.0
177182,1 ,1,0.0,-65.0
177183,1 ,1,0.0,-5.0
177184,1 ,1,0.0,12.5
177185,1 ,1,0.0,-20.0
177186,1 ,1,0.0,15.0
177187,1 ,1,0.0,15.0
177188,1 ,1,0.0,7.5
177189,1 ,1,0.0,7.5
177190,1 ,1,0.0,16.2
177191,1 ,1,0.0,10.8
177192,1 ,1,0.0,16.4
177193,1 ,1,0.0,5.4
177194,1 ,1,0.0,7.5
177195,1 ,1,0.0,7.5
177196,1 ,1,0.0,7.5
177197,1 ,1,0.0,8.1
177198,1 ,1,0.0,8.1
177199,1 ,1,0.0,15.0
177200,1 ,1,0.0,15.0
177201,1 ,1,0.0,32.0
177202,1 ,1,0.0,25.0
177203,1 ,1,0.0,7.5
177204,1 ,1,0.0,9.0
177205,1 ,1,0.0,9.0
177206,1 ,1,0.0,13.5
177207,1 ,1,0.0,6.75
177208,1 ,1,0.0,16.0
177209,1 ,1,0.0,16.0
177210,1 ,1,0.0,15.0
177211,1 ,1,0.0,15.0
177212,1 ,1,0.0,10.0
177213,1 ,1,0.0,10.0
177214,1 ,1,0.0,-32.0
177215,1 ,1,0.0,-65.0
177216,1 ,1,0.0,20.4
177217,1 ,1,0.0,5.4
177218,1 ,1,0.0,5.4
177219,1 ,1,0.0,20.4
177220,1 ,1,0.0,15.0
177221,1 ,1,0.0,15.0
177222,1 ,1,0.0,21.6
177223,1 ,1,0.0,21.6
177224,1 ,1,0.0,110.0
177225,1 ,1,0.0,-116.0
177226,1 ,1,0.0,220.0
177227,1 ,1,0.0,-116.0
177228,1 ,1,0.0,7.25
177229,1 ,1,0.0,12.5
177230,1 ,1,0.0,12.0
177231,1 ,1,0.0,-30.0
177232,1 ,1,0.0,-72.0
177233,1 ,1,0.0,-72.0
177234,1 ,1,0.0,-50.0
177235,1 ,1,0.0,-65.0
177236,1 ,1,0.0,26.4
177237,1 ,1,0.0,26.4
177239,1 ,1,0.0,26.4
177240,1 ,1,0.0,-60.0
177241,1 ,1,0.0,-60.0
177243,1 ,1,0.0,52.0
177247,1 ,1,0.0,0.1
177248,1 ,1,0.0,0.1
177249,1 ,1,0.0,0.1
177251,1 ,1,0.0,0.1
177252,1 ,1,0.0,52.8
177253,1 ,1,0.0,39.6
177254,1 ,1,0.0,26.4
177262,1 ,1,0.0,-60.0
177268,1 ,1,0.0,38.6
177269,1 ,1,0.0,52.2
177270,1 ,1,0.0,39.6
177271,1 ,1,0.0,-60.0
177272,1 ,1,0.0,-60.0
177278,1 ,1,0.0,26.4
177281,1 ,1,0.0,26.4
177282,1 ,1,0.0,26.4
177283,1 ,1,0.0,-75.0
177284,1 ,1,0.0,-58.9
177285,1 ,1,0.0,-58.9
177286,1 ,1,0.0,-58.9
177287,1 ,1,0.0,-58.9
177290,1 ,1,0.0,-24.0
177291,1 ,1,0.0,15.0
177292,1 ,1,0.0,15.0
177293,1 ,1,0.0,200.0
177294,1 ,1,0.0,200.0
177295,1 ,1,0.0,-55.0
177296,1 ,1,0.0,-55.0
177297,1 ,1,0.0,-55.0
177298,1 ,1,0.0,-220.0
177300,1 ,1,0.0,2.5
177301,1 ,1,0.0,39.6001
177302,1 ,1,0.0,39.6001
177303,1 ,1,0.0,26.3999
177304,1 ,1,0.0,15.6
177306,1 ,1,0.0,-65.0
177308,1 ,1,0.0,15.6
177309,1 ,1,0.0,29.7
177310,1 ,1,0.0,28.9
177312,1 ,1,0.0,30.0
177313,1 ,1,0.0,25.0
177314,1 ,1,0.0,30.0
177315,1 ,1,0.0,-54.0
177317,1 ,1,0.0,-54.0
177320,1 ,1,0.0,30.0
177321,1 ,1,0.0,30.0
177322,1 ,1,0.0,15.6
177323,1 ,1,0.0,4.08
177325,1 ,1,0.0,15.6
177326,1 ,1,0.0,30.0
177327,1 ,1,0.0,15.6
177328,1 ,1,0.0,-50.0
177329,1 ,1,0.0,15.6
177331,1 ,1,0.0,29.9
177332,1 ,1,0.0,29.9
177334,1 ,1,0.0,10.5
177336,1 ,1,0.0,30.0
177338,1 ,1,0.0,15.6
177339,1 ,1,0.0,-50.0
177340,1 ,1,0.0,29.7
177343,1 ,1,0.0,-65.0
177345,1 ,1,0.0,-54.0
177347,1 ,1,0.0,-80.0
177351,1 ,1,0.0,30.0
177352,1 ,1,0.0,-50.0
177353,1 ,1,0.0,-65.0
177354,1 ,1,0.0,15.6
177360,1 ,1,0.0,4.08
177361,1 ,1,0.0,2.7
177363,1 ,1,0.0,-25.0
177364,1 ,1,0.0,2.4
177365,1 ,1,0.0,2.4
177369,1 ,1,0.0,4.2
177370,1 ,1,0.0,28.9
177372,1 ,1,0.0,1.88
177373,1 ,1,0.0,-50.0
177374,1 ,1,0.0,1.88
177375,1 ,1,0.0,15.6
177376,1 ,1,0.0,-54.0
177381,1 ,1,0.0,15.6
177382,1 ,1,0.0,-49.0
177383,1 ,1,0.0,15.6
177384,1 ,1,0.0,7.5
177385,1 ,1,0.0,19.2
177387,1 ,1,0.0,14.4
177388,1 ,1,0.0,45.0
177394,1 ,1,0.0,10.0
177395,1 ,1,0.0,-24.0
177397,1 ,1,0.0,-24.0
177398,1 ,1,0.0,-24.0
177402,1 ,1,0.0,-27.0
177403,1 ,1,0.0,-27.0
177404,1 ,1,0.0,-171.1
177405,1 ,1,0.0,3.0
177406,1 ,1,0.0,-166.0
177408,1 ,1,0.0,41.57
177409,1 ,1,0.0,58.33
177410,1 ,1,0.0,58.33
177413,1 ,1,0.0,14.4
177414,1 ,1,0.0,19.2
177415,1 ,1,0.0,19.2
177417,1 ,1,0.0,9.45
177418,1 ,1,0.0,9.45
177419,1 ,1,0.0,14.4
177420,1 ,1,0.0,14.4
177423,1 ,1,0.0,24.0
177424,1 ,1,0.0,67.5
177425,1 ,1,0.0,67.5
177426,1 ,1,0.0,10.8
177427,1 ,1,0.0,10.8
177428,1 ,1,0.0,5.0
177429,1 ,1,0.0,5.0
177430,1 ,1,0.0,5.0
177431,1 ,1,0.0,5.0
177432,1 ,1,0.0,6.0
177433,1 ,1,0.0,6.0
177434,1 ,1,0.0,50.0
177438,1 ,1,0.0,2.5
177439,1 ,1,0.0,2.5
177440,1 ,1,0.0,2.5
177441,1 ,1,0.0,15.6
177442,1 ,1,0.0,15.6
177443,1 ,1,0.0,15.6
177444,1 ,1,0.0,15.6
177445,1 ,1,0.0,-220.0
177446,1 ,1,0.0,-220.0
177447,1 ,1,0.0,100.0
177448,1 ,1,0.0,-25.0
177449,1 ,1,0.0,-25.0
177452,1 ,1,0.0,12.0
177453,1 ,1,0.0,12.0
177454,1 ,1,0.0,-60.0
177455,1 ,1,0.0,200.0
177456,1 ,1,0.0,200.0
177457,1 ,1,0.0,-54.5
177458,1 ,1,0.0,12.5
177459,1 ,1,0.0,12.5
177460,1 ,1,0.0,-300.0
177461,1 ,1,0.0,220.0
177462,1 ,1,0.0,-116.0
177464,1 ,1,0.0,7.71
177468,1 ,1,0.0,31.4226
177469,1 ,1,0.0,220.0
177470,1 ,1,0.0,220.0
177471,1 ,1,0.0,220.0
177472,1 ,1,0.0,-116.1
177473,1 ,1,0.0,-116.1
177474,1 ,1,0.0,-116.1
177475,1 ,1,0.0,-116.1
177476,1 ,1,0.0,-116.1
177477,1 ,1,0.0,15.0
177478,1 ,1,0.0,41.6
177479,1 ,1,0.0,30.0
177480,1 ,1,0.0,30.0
177481,1 ,1,0.0,220.0
177482,1 ,1,0.0,26.4
177483,1 ,1,0.0,18.01
177484,1 ,1,0.0,15.6
177485,1 ,1,0.0,18.01
177486,1 ,1,0.0,15.6
177487,1 ,1,0.0,60.0
177488,1 ,1,0.0,26.4
177489,1 ,1,0.0,20.4
177490,1 ,1,0.0,20.4
177491,1 ,1,0.0,-72.0
177492,1 ,1,0.0,-72.0
177493,1 ,1,0.0,-72.0
177497,1 ,1,0.0,12.0
177498,1 ,1,0.0,18.0
177499,1 ,1,0.0,12.0
177500,1 ,1,0.0,18.0
177505,1 ,1,0.0,14.0
177506,1 ,1,0.0,14.0
177507,1 ,1,0.0,14.0
177508,1 ,1,0.0,14.0
177519,1 ,1,0.0,12.0
177520,1 ,1,0.0,12.0
177521,1 ,1,0.0,12.0
177522,1 ,1,0.0,12.0
177523,1 ,1,0.0,12.0
177524,1 ,1,0.0,12.0
177525,1 ,1,0.0,50.0
177526,1 ,1,0.0,50.0
177527,1 ,1,0.0,3.6
177528,1 ,1,0.0,3.6
177530,1 ,1,0.0,63.0
177534,1 ,1,0.0,63.0
177539,1 ,1,0.0,3.0
177541,1 ,1,0.0,80.0
177542,1 ,1,0.0,15.0
177550,1 ,1,0.0,5.4
177551,1 ,1,0.0,5.4
177552,1 ,1,0.0,63.0
177554,1 ,1,0.0,50.0
177555,1 ,1,0.0,50.0
177558,1 ,1,0.0,-45.0
177559,1 ,1,0.0,-45.0
177560,1 ,1,0.0,-45.0
177561,1 ,1,0.0,-45.0
177562,1 ,1,0.0,-45.0
177563,1 ,1,0.0,-45.0
177564,1 ,1,0.0,-45.0
177565,1 ,1,0.0,-45.0
177566,1 ,1,0.0,3.6
177567,1 ,1,0.0,3.6
177568,1 ,1,0.0,45.0
177572,1 ,1,0.0,14.4
177573,1 ,1,0.0,14.4
177574,1 ,1,0.0,-45.0
177575,1 ,1,0.0,-45.0
177576,1 ,1,0.0,150.0
177577,1 ,1,0.0,46.8
177578,1 ,1,0.0,46.8
177579,1 ,1,0.0,-45.0
177580,1 ,1,0.0,150.0
177581,1 ,1,0.0,-45.0
177582,1 ,1,0.0,-45.0
177583,1 ,1,0.0,-45.0
177584,1 ,1,0.0,46.8
177585,1 ,1,0.0,46.8
177586,1 ,1,0.0,46.8
177587,1 ,1,0.0,46.8
177588,1 ,1,0.0,79.2
177589,1 ,1,0.0,79.2
177590,1 ,1,0.0,79.2
177591,1 ,1,0.0,79.2
177592,1 ,1,0.0,-45.0
177593,1 ,1,0.0,79.2019
177594,1 ,1,0.0,-45.0
177595,1 ,1,0.0,-45.0
177596,1 ,1,0.0,-45.0
177597,1 ,1,0.0,79.2019
177598,1 ,1,0.0,-45.0
177599,1 ,1,0.0,-45.0
177600,1 ,1,0.0,-45.0
177601,1 ,1,0.0,-45.0
177602,1 ,1,0.0,-45.0
177603,1 ,1,0.0,-45.0
177604,1 ,1,0.0,-45.0
177605,1 ,1,0.0,-45.0
177607,1 ,1,0.0,79.2
177608,1 ,1,0.0,28.8
177609,1 ,1,0.0,125.0
177610,1 ,1,0.0,-45.0
177611,1 ,1,0.0,-45.0
177612,1 ,1,0.0,125.0
177613,1 ,1,0.0,-45.0
177614,1 ,1,0.0,-45.0
177617,1 ,1,0.0,150.0
177618,1 ,1,0.0,-45.0
177619,1 ,1,0.0,-45.0
177620,1 ,1,0.0,-45.0
177621,1 ,1,0.0,-45.0
177622,1 ,1,0.0,-45.0
177623,1 ,1,0.0,-45.0
177624,1 ,1,0.0,-45.0
177625,1 ,1,0.0,-45.0
177626,1 ,1,0.0,-45.0
177627,1 ,1,0.0,-45.0
177628,1 ,1,0.0,150.0
177629,1 ,1,0.0,-45.0
177630,1 ,1,0.0,-45.0
177631,1 ,1,0.0,-45.0
177632,1 ,1,0.0,-45.0
177633,1 ,1,0.0,7.0
177634,1 ,1,0.0,5.4
177635,1 ,1,0.0,5.4
177636,1 ,1,0.0,-50.0
177637,1 ,1,0.0,-50.0
177638,1 ,1,0.0,-50.0
177639,1 ,1,0.0,-50.0
177640,1 ,1,0.0,200.0
177641,1 ,1,0.0,200.0
177659,1 ,1,0.0,-114.0
177660,1 ,1,0.0,-45.0
177661,1 ,1,0.0,-45.0
177662,1 ,1,0.0,-45.0
177663,1 ,1,0.0,-45.0
177664,1 ,1,0.0,63.0
177665,1 ,1,0.0,-45.0
177666,1 ,1,0.0,-45.0
177667,1 ,1,0.0,-45.0
177668,1 ,1,0.0,-45.0
177671,1 ,1,0.0,-45.0
177672,1 ,1,0.0,-45.0
177673,1 ,1,0.0,-45.0
177674,1 ,1,0.0,-45.0
177675,1 ,1,0.0,7.0
177676,1 ,1,0.0,-15.0
177677,1 ,1,0.0,24.0
177679,1 ,1,0.0,24.0
177680,1 ,1,0.0,45.0
177681,1 ,1,0.0,-25.0
177682,1 ,1,0.0,-15.0
177683,1 ,1,0.0,24.0
177684,1 ,1,0.0,7.2
177685,1 ,1,0.0,24.0
177686,1 ,1,0.0,16.0
177687,1 ,1,0.0,-35.0
177688,1 ,1,0.0,20.0
177689,1 ,1,0.0,6.0
177690,1 ,1,0.0,24.0
177691,1 ,1,0.0,16.33
177692,1 ,1,0.0,20.016
177693,1 ,1,0.0,48.0
177694,1 ,1,0.0,24.0
177695,1 ,1,0.0,48.0
177696,1 ,1,0.0,-100.0
177697,1 ,1,0.0,24.0
177698,1 ,1,0.0,24.0
177699,1 ,1,0.0,24.0
177700,1 ,1,0.0,-45.0
177701,1 ,1,0.0,-35.0
177702,1 ,1,0.0,-35.0
177703,1 ,1,0.0,12.0
177704,1 ,1,0.0,-100.0
177705,1 ,1,0.0,-48.0
177706,1 ,1,0.0,24.0
177707,1 ,1,0.0,-35.0
177708,1 ,1,0.0,24.0
177709,1 ,1,0.0,9.4
177710,1 ,1,0.0,-30.0
177711,1 ,1,0.0,-15.0
177712,1 ,1,0.0,-48.0
177713,1 ,1,0.0,20.0
177714,1 ,1,0.0,20.0
177715,1 ,1,0.0,24.0
177716,1 ,1,0.0,-55.0
177717,1 ,1,0.0,48.0
177718,1 ,1,0.0,48.0
177719,1 ,1,0.0,48.0
177720,1 ,1,0.0,48.0
177721,1 ,1,0.0,48.0
177722,1 ,1,0.0,24.0
177723,1 ,1,0.0,-35.0
177724,1 ,1,0.0,24.0
177725,1 ,1,0.0,32.5
177726,1 ,1,0.0,-48.0
177727,1 ,1,0.0,24.0
177728,1 ,1,0.0,13.0
177729,1 ,1,0.0,24.0
177730,1 ,1,0.0,24.0
177731,1 ,1,0.0,3.0
177732,1 ,1,0.0,-8.0
177733,1 ,1,0.0,12.0
177734,1 ,1,0.0,-100.0
177735,1 ,1,0.0,24.0
177736,1 ,1,0.0,6.0
177737,1 ,1,0.0,24.0
177738,1 ,1,0.0,-45.0
177739,1 ,1,0.0,75.0
177740,1 ,1,0.0,6.0
177741,1 ,1,0.0,75.0
177742,1 ,1,0.0,-35.0
177743,1 ,1,0.0,-48.0
177744,1 ,1,0.0,-35.0
177745,1 ,1,0.0,-35.0
177746,1 ,1,0.0,-35.0
177747,1 ,1,0.0,-35.0
177748,1 ,1,0.0,9.6
177749,1 ,1,0.0,24.0
177750,1 ,1,0.0,-50.0
177751,1 ,1,0.0,-50.0
177752,1 ,1,0.0,24.0
177753,1 ,1,0.0,20.0
177754,1 ,1,0.0,-25.0
177755,1 ,1,0.0,24.0
177756,1 ,1,0.0,24.0
177757,1 ,1,0.0,48.0
177758,1 ,1,0.0,48.0
177759,1 ,1,0.0,24.0
177760,1 ,1,0.0,24.0
177761,1 ,1,0.0,24.0
177762,1 ,1,0.0,9.0
177763,1 ,1,0.0,9.0
177764,1 ,1,0.0,24.0
177765,1 ,1,0.0,-90.7029
177766,1 ,1,0.0,-90.7029
177767,1 ,1,0.0,-48.0
177768,1 ,1,0.0,24.0
177769,1 ,1,0.0,3.6
177770,1 ,1,0.0,9.6
177771,1 ,1,0.0,9.6
177772,1 ,1,0.0,24.0
177773,1 ,1,0.0,12.0
177774,1 ,1,0.0,9.6
177775,1 ,1,0.0,5.6
177776,1 ,1,0.0,6.0
177777,1 ,1,0.0,8.0
177778,1 ,1,0.0,15.0
177779,1 ,1,0.0,-45.0
177780,1 ,1,0.0,50.4
177781,1 ,1,0.0,50.4
177782,1 ,1,0.0,8.4
177783,1 ,1,0.0,15.0
177784,1 ,1,0.0,15.0
177785,1 ,1,0.0,15.0
177786,1 ,1,0.0,-45.0
177787,1 ,1,0.0,-45.0
177788,1 ,1,0.0,-45.0
177789,1 ,1,0.0,-45.0
177790,1 ,1,0.0,-45.0
177791,1 ,1,0.0,20.0
177792,1 ,1,0.0,-45.0
177793,1 ,1,0.0,-34.0
177794,1 ,1,0.0,46.8
177795,1 ,1,0.0,46.8
177796,1 ,1,0.0,28.8
177797,1 ,1,0.0,46.8
177798,1 ,1,0.0,28.8
177799,1 ,1,0.0,28.8
177800,1 ,1,0.0,12.5
177801,1 ,1,0.0,12.5
177802,1 ,1,0.0,-15.0
177803,1 ,1,0.0,74.9963
177804,1 ,1,0.0,74.9963
177805,1 ,1,0.0,20.0
177806,1 ,1,0.0,36.0
177807,1 ,1,0.0,12.0
177808,1 ,1,0.0,-48.0
177812,1 ,1,0.0,-136.0
177813,1 ,1,0.0,30.0
177814,1 ,1,0.0,60.0
177815,1 ,1,0.0,24.0
177816,1 ,1,0.0,24.0
177817,1 ,1,0.0,40.0
177818,1 ,1,0.0,-100.0
177819,1 ,1,0.0,-100.0
177820,1 ,1,0.0,-100.0
177821,1 ,1,0.0,-100.0
177822,1 ,1,0.0,39.9998
177823,1 ,1,0.0,39.9998
177824,1 ,1,0.0,39.9998
177825,1 ,1,0.0,100.0048
177827,1 ,1,0.0,30.5999
177828,1 ,1,0.0,24.0
177871,1 ,1,0.0,79.2
177872,1 ,1,0.0,28.8
177873,1 ,1,0.0,125.0
177874,1 ,1,0.0,125.0
177875,1 ,1,0.0,-45.0
177876,1 ,1,0.0,-45.0
177878,1 ,1,0.0,79.2
177879,1 ,1,0.0,-45.0
177880,1 ,1,0.0,-45.0
177881,1 ,1,0.0,-45.0
177882,1 ,1,0.0,-45.0
177884,1 ,1,0.0,-10.0
177886,1 ,1,0.0,8.0
177887,1 ,1,0.0,8.0
177891,1 ,1,0.0,7.2
177892,1 ,1,0.0,7.2
177893,1 ,1,0.0,7.2
177894,1 ,1,0.0,7.2
177895,1 ,1,0.0,8.0
177896,1 ,1,0.0,8.0
177897,1 ,1,0.0,8.0
177898,1 ,1,0.0,4.0
177899,1 ,1,0.0,4.0
177900,1 ,1,0.0,18.0
177901,1 ,1,0.0,79.2
177902,1 ,1,0.0,-75.0
177903,1 ,1,0.0,-44.9991
177904,1 ,1,0.0,-45.0
177905,1 ,1,0.0,-45.0
177906,1 ,1,0.0,-15.0
177907,1 ,1,0.0,-15.0
177908,1 ,1,0.0,7.0
177909,1 ,1,0.0,7.0
177910,1 ,1,0.0,7.0
177911,1 ,1,0.0,7.0
177912,1 ,1,0.0,79.2
177913,1 ,1,0.0,45.0
177914,1 ,1,0.0,-45.0
177915,1 ,1,0.0,-45.0
177916,1 ,1,0.0,66.0
177917,1 ,1,0.0,76.5
177918,1 ,1,0.0,-45.0
177919,1 ,1,0.0,79.2
177921,1 ,1,0.0,-45.0
177922,1 ,1,0.0,-45.0
177923,1 ,1,0.0,-136.05
177924,1 ,1,0.0,-45.0
177925,1 ,1,0.0,46.8
177926,1 ,1,0.0,18.0
177927,1 ,1,0.0,18.0
177928,1 ,1,0.0,12.0
177929,1 ,1,0.0,12.0
177930,1 ,1,0.0,18.0
177931,1 ,1,0.0,18.0
177932,1 ,1,0.0,12.0
177933,1 ,1,0.0,12.0
177934,1 ,1,0.0,-45.0
177935,1 ,1,0.0,-45.0
177936,1 ,1,0.0,-45.0
177937,1 ,1,0.0,-45.0
177938,1 ,1,0.0,-113.38
177939,1 ,1,0.0,-45.0
177940,1 ,1,0.0,-45.0
177941,1 ,1,0.0,-45.0
177942,1 ,1,0.0,-45.0
177943,1 ,1,0.0,-90.7
177944,1 ,1,0.0,79.2
177946,1 ,1,0.0,1.8
177947,1 ,1,0.0,12.6
177948,1 ,1,0.0,79.2
177949,1 ,1,0.0,14.4
177950,1 ,1,0.0,14.4
177954,1 ,1,0.0,79.2
177955,1 ,1,0.0,46.8
177956,1 ,1,0.0,79.2
177957,1 ,1,0.0,79.2
177958,1 ,1,0.0,79.2
177959,1 ,1,0.0,79.2
177960,1 ,1,0.0,79.2
177961,1 ,1,0.0,10.8
177963,1 ,1,0.0,-45.0
177964,1 ,1,0.0,-90.7
177965,1 ,1,0.0,-45.0
177966,1 ,1,0.0,-90.7
177967,1 ,1,0.0,-45.0
177968,1 ,1,0.0,-45.0
177969,1 ,1,0.0,-45.0
177970,1 ,1,0.0,-45.0
177971,1 ,1,0.0,-45.0
177972,1 ,1,0.0,0.1013
177973,1 ,1,0.0,0.1013
177974,1 ,1,0.0,0.1013
177975,1 ,1,0.0,0.1013
177976,1 ,1,0.0,0.1013
177977,1 ,1,0.0,79.2
177978,1 ,1,0.0,79.2
177979,1 ,1,0.0,45.0
177980,1 ,1,0.0,45.0
177981,1 ,1,0.0,-45.0
177982,1 ,1,0.0,-45.0
177983,1 ,1,0.0,-44.9991
177984,1 ,1,0.0,-45.0
177986,1 ,1,0.0,79.0
177987,1 ,1,0.0,79.0
177988,1 ,1,0.0,-45.0
177990,1 ,1,0.0,-45.0
177991,1 ,1,0.0,79.0
177992,1 ,1,0.0,-45.0
177993,1 ,1,0.0,-45.0
177994,1 ,1,0.0,-45.0
177996,1 ,1,0.0,-45.0
177997,1 ,1,0.0,-45.0
177998,1 ,1,0.0,-45.0
178000,1 ,1,0.0,150.0
178001,1 ,1,0.0,150.0
178002,1 ,1,0.0,62.5
178003,1 ,1,0.0,62.5
178004,1 ,1,0.0,62.5
178007,1 ,1,0.0,62.5
178008,1 ,1,0.0,-90.7
178009,1 ,1,0.0,16.2
178010,1 ,1,0.0,14.4
178011,1 ,1,0.0,16.2
178013,1 ,1,0.0,79.2
178017,1 ,1,0.0,-50.0
178018,1 ,1,0.0,50.0
178019,1 ,1,0.0,50.0
178024,1 ,1,0.0,79.2
178025,1 ,1,0.0,2.6
178026,1 ,1,0.0,2.6
178028,1 ,1,0.0,79.2
178038,1 ,1,0.0,-45.0
178039,1 ,1,0.0,-45.0
178040,1 ,1,0.0,-45.0
178041,1 ,1,0.0,79.2
178042,1 ,1,0.0,79.2
178043,1 ,1,0.0,79.2
178044,1 ,1,0.0,79.2
178047,1 ,1,0.0,-47.7
178048,1 ,1,0.0,-163.27
178049,1 ,1,0.0,-47.7
178050,1 ,1,0.0,-47.7
178051,1 ,1,0.0,-47.7
178052,1 ,1,0.0,23.4
178053,1 ,1,0.0,-45.0
178054,1 ,1,0.0,-45.0
178055,1 ,1,0.0,-45.0
178056,1 ,1,0.0,-45.0
178057,1 ,1,0.0,-45.0
178058,1 ,1,0.0,-45.0
178061,1 ,1,0.0,75.0
178063,1 ,1,0.0,79.2
178065,1 ,1,0.0,-45.0
178066,1 ,1,0.0,-45.0
178067,1 ,1,0.0,-45.0
178068,1 ,1,0.0,-45.0
178069,1 ,1,0.0,14.4
178071,1 ,1,0.0,79.2
178077,1 ,1,0.0,62.5
178078,1 ,1,0.0,-47.7
178080,1 ,1,0.0,-47.7
178081,1 ,1,0.0,-47.7
178082,1 ,1,0.0,-47.7
178093,1 ,1,0.0,62.5
178094,1 ,1,0.0,-45.0
178095,1 ,1,0.0,-45.0
178096,1 ,1,0.0,-45.0
178097,1 ,1,0.0,-47.7
178098,1 ,1,0.0,-47.7
178099,1 ,1,0.0,-47.7
178100,1 ,1,0.0,-45.0
178101,1 ,1,0.0,-47.7
178102,1 ,1,0.0,-50.0
178103,1 ,1,0.0,-50.0
178104,1 ,1,0.0,2.6
178105,1 ,1,0.0,2.6
178106,1 ,1,0.0,6.5
178107,1 ,1,0.0,6.5
178111,1 ,1,0.0,25.0
178112,1 ,1,0.0,2.6
178113,1 ,1,0.0,2.6
178114,1 ,1,0.0,28.0
178115,1 ,1,0.0,2.6
178116,1 ,1,0.0,2.6
178117,1 ,1,0.0,2.6
178118,1 ,1,0.0,2.6
178119,1 ,1,0.0,-45.0
178120,1 ,1,0.0,-45.0
178121,1 ,1,0.0,-45.0
178122,1 ,1,0.0,-45.0
178123,1 ,1,0.0,25.0
178124,1 ,1,0.0,25.0
178125,1 ,1,0.0,-45.0
178126,1 ,1,0.0,-45.0
178127,1 ,1,0.0,-34.0
178128,1 ,1,0.0,-34.0
178129,1 ,1,0.0,-75.0
178130,1 ,1,0.0,-157.0
178131,1 ,1,0.0,-157.0
178132,1 ,1,0.0,28.8
178133,1 ,1,0.0,46.8
178134,1 ,1,0.0,75.0
178135,1 ,1,0.0,75.0
178136,1 ,1,0.0,75.0
178137,1 ,1,0.0,-47.7
178138,1 ,1,0.0,-47.7
178139,1 ,1,0.0,-47.7
178140,1 ,1,0.0,-47.7
178141,1 ,1,0.0,-47.7
178142,1 ,1,0.0,-150.0
178143,1 ,1,0.0,-150.0
178144,1 ,1,0.0,-100.0
178145,1 ,1,0.0,-150.0
178146,1 ,1,0.0,-90.7025
178148,1 ,1,0.0,-44.9991
178149,1 ,1,0.0,-44.9991
178150,1 ,1,0.0,-44.9991
178151,1 ,1,0.0,-44.9991
178152,1 ,1,0.0,-44.9991
178153,1 ,1,0.0,-44.9991
178154,1 ,1,0.0,-44.9991
178155,1 ,1,0.0,-44.9991
178156,1 ,1,0.0,-44.9991
178157,1 ,1,0.0,-44.9991
178158,1 ,1,0.0,-44.9991
178159,1 ,1,0.0,-44.9991
178160,1 ,1,0.0,-44.9991
178161,1 ,1,0.0,-44.9991
178162,1 ,1,0.0,-44.9991
178163,1 ,1,0.0,-44.9991
178164,1 ,1,0.0,-44.9991
178165,1 ,1,0.0,-44.9991
178166,1 ,1,0.0,17.9966
178167,1 ,1,0.0,17.9966
178168,1 ,1,0.0,-68.03
178169,1 ,1,0.0,5.0
178170,1 ,1,0.0,5.0
178171,1 ,1,0.0,32.9699
178172,1 ,1,0.0,11.0003
178173,1 ,1,0.0,8.5799
178174,1 ,1,0.0,2.6
178175,1 ,1,0.0,2.6
178176,1 ,1,0.0,3.5
178177,1 ,1,0.0,3.5
178178,1 ,1,0.0,3.5
178179,1 ,1,0.0,3.5
178183,1 ,1,0.0,9.5
178184,1 ,1,0.0,0.1
178185,1 ,1,0.0,0.1
178186,1 ,1,0.0,9.5
178187,1 ,1,0.0,35.0
178188,1 ,1,0.0,35.0
178195,1 ,1,0.0,10.0
178196,1 ,1,0.0,10.0
178199,1 ,1,0.0,25.0
178200,1 ,1,0.0,25.0
178201,1 ,1,0.0,3.0
178202,1 ,1,0.0,3.0
178208,1 ,1,0.0,-47.7
178209,1 ,1,0.0,-47.7
178210,1 ,1,0.0,75.0
178211,1 ,1,0.0,-47.7
178212,1 ,1,0.0,-90.7
178213,1 ,1,0.0,75.0
178214,1 ,1,0.0,75.0
178215,1 ,1,0.0,-47.7
178218,1 ,1,0.0,75.0
178219,1 ,1,0.0,75.0
178220,1 ,1,0.0,-50.0
178221,1 ,1,0.0,-50.0
178222,1 ,1,0.0,6.0
178223,1 ,1,0.0,6.0
178224,1 ,1,0.0,10.0
178225,1 ,1,0.0,10.0
178229,1 ,1,0.0,75.0
178230,1 ,1,0.0,-47.7
178231,1 ,1,0.0,-47.7
178232,1 ,1,0.0,75.0
178233,1 ,1,0.0,75.0
178234,1 ,1,0.0,-47.7
178235,1 ,1,0.0,-47.7
178236,1 ,1,0.0,50.0
178237,1 ,1,0.0,50.0
178238,1 ,1,0.0,50.0
178239,1 ,1,0.0,50.0
178240,1 ,1,0.0,50.0
178241,1 ,1,0.0,-88.0
178242,1 ,1,0.0,-75.0
178244,1 ,1,0.0,50.0
178245,1 ,1,0.0,50.0
178246,1 ,1,0.0,66.0
178247,1 ,1,0.0,66.0
178253,1 ,1,0.0,25.0
178254,1 ,1,0.0,25.0
178255,1 ,1,0.0,25.0
178256,1 ,1,0.0,25.0
178259,1 ,1,0.0,83.5
178262,1 ,1,0.0,83.5
178264,1 ,1,0.0,-163.0
178265,1 ,1,0.0,-47.7
178266,1 ,1,0.0,-48.0
178267,1 ,1,0.0,-47.7
178268,1 ,1,0.0,-48.0
178269,1 ,1,0.0,-47.7
178270,1 ,1,0.0,-163.0
178271,1 ,1,0.0,-47.7
178272,1 ,1,0.0,-48.0
178273,1 ,1,0.0,-48.0
178274,1 ,1,0.0,4.8
178275,1 ,1,0.0,4.8
178276,1 ,1,0.0,4.8
178277,1 ,1,0.0,4.8
178278,1 ,1,0.0,4.8
178279,1 ,1,0.0,4.8
178280,1 ,1,0.0,4.8
178281,1 ,1,0.0,4.8
178282,1 ,1,0.0,4.8
178283,1 ,1,0.0,4.8
178284,1 ,1,0.0,4.8
178285,1 ,1,0.0,4.8
178287,1 ,1,0.0,-45.0
178288,1 ,1,0.0,-45.0
178289,1 ,1,0.0,-45.0
178290,1 ,1,0.0,-158.7
178315,1 ,1,0.0,-10.0
178317,1 ,1,0.0,-10.0
178318,1 ,1,0.0,-120.0
178319,1 ,1,0.0,-30.0
178350,1 ,1,0.0,-113.4
178351,1 ,1,0.0,-113.0
178352,1 ,1,0.0,-113.4
178356,1 ,1,0.0,-40.0
178361,1 ,1,0.0,-40.0
178369,1 ,1,0.0,-158.7
178370,1 ,1,0.0,20.0
178379,1 ,1,0.0,-40.0
178380,1 ,1,0.0,-40.0
178386,1 ,1,0.0,-113.4
178387,1 ,1,0.0,-113.4
178388,1 ,1,0.0,52.8
178389,1 ,1,0.0,-99.981
178400,1 ,1,0.0,-100.0
178401,1 ,1,0.0,-100.0
178402,1 ,1,0.0,-100.0
178403,1 ,1,0.0,-75.0
178404,1 ,1,0.0,-75.0
178406,1 ,1,0.0,-85.169
178407,1 ,1,0.0,-85.169
178408,1 ,1,0.0,-85.169
